Workbook

Sheet READ ME FIRST
A1: CSE A1 Master Attendance Workbook (Multi-Column Structure)
A3: WHAT'S FIXED:
A4: • Detailed Attendance now has MULTIPLE SUBJECT COLUMNS under each Date (based on the exact timetable).
A5: • Monthly, Subject-wise, and Overall summaries are 100% formula-driven and linked to the new layout.
A6: • Just type 'P' or 'A' in the yellow cells. All percentages and totals will update instantly.
A8: NOTE: Subject-wise summary tracks core theory subjects (PSQT, OOPJ, OS, COA, DMS). Labs/Activities are tracked in Detailed Attendance.

Sheet Monthly Guide
A1: HOW TO ADD SEPTEMBER, OCTOBER, NOVEMBER…
A3: 1. Keep the existing June–August workbook sheets unchanged.
A4: 2. Duplicate the 'MONTHLY TEMPLATE' sheet and rename it to the required month, e.g. 'October 2026'.
A5: 3. Use the official timetable to create the date/class columns. The September sheet is already populated as the worked example.
A6: 4. For each class, set the bulk status to ☑ Present, then change only the absent students to ☐.
A7: 5. Theory classes apply to all 124 students. Lab slots respect the existing Batch 1/2/3 allocation.
A8: 6. Do not put NCC/NSS, Remedial, Library/Self Study, or Swachh Bharat into subject attendance calculations.
A9: 7. The existing June–August output sheets are intentionally preserved. A future final version can connect the new monthly sheets to a dynamic semester summary.

Sheet Detailed Attendance
A1: S.No | B1: Registration No | C1: Student Name | D1: 29-Jun | H1: 30-Jun | L1: 01-Jul | P1: 02-Jul | T1: 03-Jul | X1: 06-Jul | AB1: 07-Jul | AF1: 08-Jul | AJ1: 09-Jul | AN1: 10-Jul | AR1: 13-Jul | AV1: 14-Jul | AZ1: 15-Jul | BD1: 16-Jul | BH1: 17-Jul | BL1: 20-Jul | BP1: 21-Jul | BT1: 22-Jul | BX1: 23-Jul | CB1: 24-Jul | CF1: 25-Jul | CI1: 27-Jul | CM1: 28-Jul | CQ1: 29-Jul | CU1: 30-Jul | CY1: 31-Jul | DC1: 01-Aug | DF1: 03-Aug | DJ1: 04-Aug | DN1: 05-Aug | DR1: 06-Aug | DV1: 07-Aug | DZ1: 08-Aug | EC1: 10-Aug | EG1: 11-Aug | EK1: 12-Aug | EO1: 13-Aug | ES1: 14-Aug | EW1: 17-Aug | FA1: 18-Aug | FE1: 19-Aug | FI1: 20-Aug | FM1: 24-Aug | FQ1: 25-Aug | FU1: 26-Aug | FY1: 27-Aug | GC1: 28-Aug | GG1: 29-Aug
D2: COA | E2: COA LAB-1 / OS LAB-3 | F2: REMEDIAL CLASS | G2: NCC/NSS | H2: OOPJ LAB-3 | I2: OOPJ | J2: LIBRARY / SELF STUDY | K2: NCC/NSS | L2: OS | M2: DMS | N2: SWATCH BHARAT | O2: NCC/NSS | P2: OS | Q2: OOPJ | R2: PSQT | S2: NCC/NSS | T2: COA | U2: DMS | V2: OS LAB-1 / OOPJ LAB-2 | W2: NCC/NSS | X2: PSQT | Y2: COA LAB-1 / OS LAB-3 | Z2: REMEDIAL CLASS | AA2: NCC/NSS | AB2: OOPJ LAB-3 | AC2: OOPJ | AD2: LIBRARY / SELF STUDY | AE2: NCC/NSS | AF2: OS | AG2: DMS | AH2: SWATCH BHARAT | AI2: NCC/NSS | AJ2: OS | AK2: OOPJ | AL2: PSQT | AM2: NCC/NSS | AN2: COA | AO2: DMS | AP2: OS LAB-1 / OOPJ LAB-2 | AQ2: NCC/NSS | AR2: COA | AS2: COA LAB-1 / OS LAB-3 | AT2: REMEDIAL CLASS | AU2: NCC/NSS | AV2: OOPJ LAB-3 | AW2: OOPJ | AX2: LIBRARY / SELF STUDY | AY2: NCC/NSS | AZ2: OS | BA2: DMS | BB2: SWATCH BHARAT | BC2: NCC/NSS | BD2: OS | BE2: OOPJ | BF2: PSQT | BG2: NCC/NSS | BH2: COA | BI2: DMS | BJ2: OS LAB-1 / OOPJ LAB-2 | BK2: NCC/NSS | BL2: PSQT | BM2: COA LAB-1 / OS LAB-3 | BN2: REMEDIAL CLASS | BO2: NCC/NSS | BP2: OOPJ LAB-3 | BQ2: OOPJ | BR2: LIBRARY / SELF STUDY | BS2: NCC/NSS | BT2: OS | BU2: DMS | BV2: SWATCH BHARAT | BW2: NCC/NSS | BX2: OS | BY2: OOPJ | BZ2: PSQT | CA2: NCC/NSS | CB2: COA | CC2: DMS | CD2: OS LAB-1 / OOPJ LAB-2 | CE2: NCC/NSS | CF2: COA | CG2: COA LAB-2 | CH2: OS LAB-2 / OOPJ LAB-1 / COA LAB-3 | CI2: PSQT | CJ2: COA LAB-1 / OS LAB-3 | CK2: REMEDIAL CLASS | CL2: NCC/NSS | CM2: OOPJ LAB-3 | CN2: OOPJ | CO2: LIBRARY / SELF STUDY | CP2: NCC/NSS | CQ2: OS | CR2: DMS | CS2: SWATCH BHARAT | CT2: NCC/NSS | CU2: OS | CV2: OOPJ | CW2: PSQT | CX2: NCC/NSS | CY2: COA | CZ2: DMS | DA2: OS LAB-1 / OOPJ LAB-2 | DB2: NCC/NSS | DC2: COA | DD2: COA LAB-2 | DE2: OS LAB-2 / OOPJ LAB-1 / COA LAB-3 | DF2: PSQT | DG2: COA LAB-1 / OS LAB-3 | DH2: REMEDIAL CLASS | DI2: NCC/NSS | DJ2: OOPJ LAB-3 | DK2: OOPJ | DL2: LIBRARY / SELF STUDY | DM2: NCC/NSS | DN2: OS | DO2: DMS | DP2: SWATCH BHARAT | DQ2: NCC/NSS | DR2: OS | DS2: OOPJ | DT2: PSQT | DU2: NCC/NSS | DV2: COA | DW2: DMS | DX2: OS LAB-1 / OOPJ LAB-2 | DY2: NCC/NSS | DZ2: COA | EA2: COA LAB-2 | EB2: OS LAB-2 / OOPJ LAB-1 / COA LAB-3 | EC2: PSQT | ED2: COA LAB-1 / OS LAB-3 | EE2: REMEDIAL CLASS | EF2: NCC/NSS | EG2: OOPJ LAB-3 | EH2: OOPJ | EI2: LIBRARY / SELF STUDY | EJ2: NCC/NSS | EK2: OS | EL2: DMS | EM2: SWATCH BHARAT | EN2: NCC/NSS | EO2: OS | EP2: OOPJ | EQ2: PSQT | ER2: NCC/NSS | ES2: COA | ET2: DMS | EU2: OS LAB-1 / OOPJ LAB-2 | EV2: NCC/NSS | EW2: PSQT | EX2: COA LAB-1 / OS LAB-3 | EY2: REMEDIAL CLASS | EZ2: NCC/NSS | FA2: OOPJ LAB-3 | FB2: OOPJ | FC2: LIBRARY / SELF STUDY | FD2: NCC/NSS | FE2: OS | FF2: DMS | FG2: SWATCH BHARAT | FH2: NCC/NSS | FI2: OS | FJ2: OOPJ | FK2: PSQT | FL2: NCC/NSS | FM2: PSQT | FN2: COA LAB-1 / OS LAB-3 | FO2: REMEDIAL CLASS | FP2: NCC/NSS | FQ2: OOPJ LAB-3 | FR2: OOPJ | FS2: LIBRARY / SELF STUDY | FT2: NCC/NSS | FU2: OS | FV2: DMS | FW2: SWATCH BHARAT | FX2: NCC/NSS | FY2: OS | FZ2: OOPJ | GA2: PSQT | GB2: NCC/NSS | GC2: COA | GD2: DMS | GE2: OS LAB-1 / OOPJ LAB-2 | GF2: NCC/NSS | GG2: COA | GH2: COA LAB-2 | GI2: OS LAB-2 / OOPJ LAB-1 / COA LAB-3
D3: Mon | E3: Mon | F3: Mon | G3: Mon | H3: Tue | I3: Tue | J3: Tue | K3: Tue | L3: Wed | M3: Wed | N3: Wed | O3: Wed | P3: Thu | Q3: Thu | R3: Thu | S3: Thu | T3: Fri | U3: Fri | V3: Fri | W3: Fri | X3: Mon | Y3: Mon | Z3: Mon | AA3: Mon | AB3: Tue | AC3: Tue | AD3: Tue | AE3: Tue | AF3: Wed | AG3: Wed | AH3: Wed | AI3: Wed | AJ3: Thu | AK3: Thu | AL3: Thu | AM3: Thu | AN3: Fri | AO3: Fri | AP3: Fri | AQ3: Fri | AR3: Mon | AS3: Mon | AT3: Mon | AU3: Mon | AV3: Tue | AW3: Tue | AX3: Tue | AY3: Tue | AZ3: Wed | BA3: Wed | BB3: Wed | BC3: Wed | BD3: Thu | BE3: Thu | BF3: Thu | BG3: Thu | BH3: Fri | BI3: Fri | BJ3: Fri | BK3: Fri | BL3: Mon | BM3: Mon | BN3: Mon | BO3: Mon | BP3: Tue | BQ3: Tue | BR3: Tue | BS3: Tue | BT3: Wed | BU3: Wed | BV3: Wed | BW3: Wed | BX3: Thu | BY3: Thu | BZ3: Thu | CA3: Thu | CB3: Fri | CC3: Fri | CD3: Fri | CE3: Fri | CF3: Sat | CG3: Sat | CH3: Sat | CI3: Mon | CJ3: Mon | CK3: Mon | CL3: Mon | CM3: Tue | CN3: Tue | CO3: Tue | CP3: Tue | CQ3: Wed | CR3: Wed | CS3: Wed | CT3: Wed | CU3: Thu | CV3: Thu | CW3: Thu | CX3: Thu | CY3: Fri | CZ3: Fri | DA3: Fri | DB3: Fri | DC3: Sat | DD3: Sat | DE3: Sat | DF3: Mon | DG3: Mon | DH3: Mon | DI3: Mon | DJ3: Tue | DK3: Tue | DL3: Tue | DM3: Tue | DN3: Wed | DO3: Wed | DP3: Wed | DQ3: Wed | DR3: Thu | DS3: Thu | DT3: Thu | DU3: Thu | DV3: Fri | DW3: Fri | DX3: Fri | DY3: Fri | DZ3: Sat | EA3: Sat | EB3: Sat | EC3: Mon | ED3: Mon | EE3: Mon | EF3: Mon | EG3: Tue | EH3: Tue | EI3: Tue | EJ3: Tue | EK3: Wed | EL3: Wed | EM3: Wed | EN3: Wed | EO3: Thu | EP3: Thu | EQ3: Thu | ER3: Thu | ES3: Fri | ET3: Fri | EU3: Fri | EV3: Fri | EW3: Mon | EX3: Mon | EY3: Mon | EZ3: Mon | FA3: Tue | FB3: Tue | FC3: Tue | FD3: Tue | FE3: Wed | FF3: Wed | FG3: Wed | FH3: Wed | FI3: Thu | FJ3: Thu | FK3: Thu | FL3: Thu | FM3: Mon | FN3: Mon | FO3: Mon | FP3: Mon | FQ3: Tue | FR3: Tue | FS3: Tue | FT3: Tue | FU3: Wed | FV3: Wed | FW3: Wed | FX3: Wed | FY3: Thu | FZ3: Thu | GA3: Thu | GB3: Thu | GC3: Fri | GD3: Fri | GE3: Fri | GF3: Fri | GG3: Sat | GH3: Sat | GI3: Sat
A4: 1 | B4: 325106410001 | C4: RATISH SHARMA | D4: P | I4: A | L4: A | P4: P | Q4: P | T4: P | AC4: P | AF4: P | AJ4: P | AK4: P | AN4: P | AR4: A | AW4: P | AZ4: P | BA4: P | BD4: P | BE4: P | BH4: P | BI4: A | BQ4: P | BT4: P | BU4: P | BX4: P | BY4: P | CB4: P | CF4: P | CN4: P | CQ4: P | CR4: P | CU4: P | CV4: P | CZ4: P | DC4: P | DK4: P | DN4: P | DO4: P | DR4: P | DS4: P | DV4: P | DW4: P | DZ4: A | EH4: A | EK4: P | EL4: P | EO4: P | EP4: P | ES4: P | ET4: P | FB4: P | FE4: P | FF4: P | FI4: P | FJ4: P | FR4: P | FY4: P | FZ4: P | GD4: P | GG4: P
A5: 2 | B5: 325106410002 | C5: ABDUL REHMAN | D5: A | I5: A | L5: A | P5: A | Q5: A | T5: P | AC5: P | AF5: P | AJ5: A | AK5: A | AN5: P | AR5: A | AW5: P | AZ5: A | BA5: A | BD5: P | BE5: P | BH5: P | BI5: A | BQ5: P | BT5: P | BU5: P | BX5: P | BY5: P | CB5: A | CF5: A | CN5: P | CQ5: P | CR5: P | CU5: P | CV5: P | CZ5: A | DC5: P | DK5: P | DN5: P | DO5: P | DR5: P | DS5: P | DV5: A | DW5: A | DZ5: P | EH5: P | EK5: P | EL5: P | EO5: A | EP5: A | ES5: P | ET5: P | FB5: P | FE5: P | FF5: P | FI5: P | FJ5: P | FR5: P | FY5: A | FZ5: A | GD5: A | GG5: P
A6: 3 | B6: 325106410003 | C6: RISHITHA AKUMARTHI | D6: A | I6: A | L6: A | P6: A | Q6: A | T6: A | AC6: A | AF6: A | AJ6: A | AK6: A | AN6: A | AR6: P | AW6: P | AZ6: P | BA6: P | BD6: P | BE6: P | BH6: P | BI6: P | BQ6: P | BT6: P | BU6: P | BX6: P | BY6: P | CB6: A | CF6: P | CN6: P | CQ6: P | CR6: A | CU6: P | CV6: P | CZ6: P | DC6: P | DK6: P | DN6: A | DO6: P | DR6: A | DS6: P | DV6: P | DW6: P | DZ6: A | EH6: P | EK6: P | EL6: P | EO6: P | EP6: P | ES6: P | ET6: P | FB6: P | FE6: P | FF6: P | FI6: P | FJ6: P | FR6: P | FY6: A | FZ6: A | GD6: P | GG6: A
A7: 4 | B7: 325106410004 | C7: SIREESHA BADANA | D7: A | I7: A | L7: A | P7: A | Q7: A | T7: A | AC7: A | AF7: A | AJ7: A | AK7: A | AN7: A | AR7: A | AW7: A | AZ7: A | BA7: A | BD7: A | BE7: A | BH7: A | BI7: A | BQ7: A | BT7: A | BU7: A | BX7: A | BY7: A | CB7: A | CF7: A | CN7: A | CQ7: A | CR7: A | CU7: A | CV7: A | CZ7: A | DC7: A | DK7: A | DN7: A | DO7: A | DR7: A | DS7: A | DV7: A | DW7: A | DZ7: P | EH7: A | EK7: A | EL7: A | EO7: A | EP7: A | ES7: A | ET7: A | FB7: A | FE7: A | FF7: A | FI7: A | FJ7: A | FR7: A | FY7: A | FZ7: A | GD7: A | GG7: A
A8: 5 | B8: 325106410005 | C8: LAKSHMANA KUMAR BATHULA | D8: A | I8: A | L8: A | P8: A | Q8: A | T8: A | AC8: P | AF8: P | AJ8: P | AK8: P | AN8: P | AR8: A | AW8: P | AZ8: P | BA8: P | BD8: P | BE8: P | BH8: P | BI8: P | BQ8: P | BT8: P | BU8: P | BX8: P | BY8: P | CB8: P | CF8: P | CN8: P | CQ8: P | CR8: P | CU8: P | CV8: P | CZ8: P | DC8: P | DK8: P | DN8: P | DO8: P | DR8: P | DS8: P | DV8: P | DW8: P | DZ8: P | EH8: P | EK8: P | EL8: P | EO8: P | EP8: P | ES8: P | ET8: P | FB8: A | FE8: P | FF8: P | FI8: P | FJ8: P | FR8: P | FY8: P | FZ8: P | GD8: P | GG8: P
A9: 6 | B9: 325106410006 | C9: PADMA KUMARI CHIKKALA | D9: A | I9: A | L9: A | P9: A | Q9: A | T9: A | AC9: A | AF9: P | AJ9: P | AK9: P | AN9: A | AR9: A | AW9: P | AZ9: P | BA9: P | BD9: P | BE9: P | BH9: P | BI9: P | BQ9: P | BT9: P | BU9: P | BX9: P | BY9: P | CB9: P | CF9: P | CN9: P | CQ9: P | CR9: P | CU9: P | CV9: P | CZ9: P | DC9: P | DK9: P | DN9: P | DO9: P | DR9: P | DS9: P | DV9: P | DW9: P | DZ9: A | EH9: P | EK9: A | EL9: P | EO9: P | EP9: P | ES9: P | ET9: P | FB9: P | FE9: P | FF9: P | FI9: P | FJ9: P | FR9: P | FY9: A | FZ9: A | GD9: P | GG9: P
A10: 7 | B10: 325106410007 | C10: RAKESH CHOPPA | D10: A | I10: A | L10: P | P10: P | Q10: P | T10: P | AC10: P | AF10: P | AJ10: P | AK10: P | AN10: P | AR10: P | AW10: P | AZ10: P | BA10: P | BD10: P | BE10: P | BH10: P | BI10: P | BQ10: P | BT10: P | BU10: P | BX10: A | BY10: A | CB10: P | CF10: P | CN10: P | CQ10: P | CR10: P | CU10: P | CV10: P | CZ10: P | DC10: A | DK10: P | DN10: P | DO10: P | DR10: P | DS10: P | DV10: P | DW10: P | DZ10: P | EH10: A | EK10: P | EL10: P | EO10: P | EP10: P | ES10: P | ET10: P | FB10: P | FE10: P | FF10: P | FI10: P | FJ10: P | FR10: P | FY10: P | FZ10: P | GD10: P | GG10: P
A11: 8 | B11: 325106410008 | C11: SUBHASH DHULIPUDI | D11: A | I11: A | L11: A | P11: P | Q11: P | T11: P | AC11: P | AF11: P | AJ11: P | AK11: P | AN11: P | AR11: P | AW11: P | AZ11: P | BA11: P | BD11: P | BE11: P | BH11: P | BI11: P | BQ11: P | BT11: P | BU11: P | BX11: P | BY11: P | CB11: P | CF11: P | CN11: P | CQ11: P | CR11: P | CU11: A | CV11: P | CZ11: P | DC11: P | DK11: P | DN11: P | DO11: P | DR11: P | DS11: P | DV11: P | DW11: P | DZ11: A | EH11: P | EK11: P | EL11: P | EO11: P | EP11: P | ES11: P | ET11: P | FB11: P | FE11: P | FF11: P | FI11: P | FJ11: P | FR11: P | FY11: P | FZ11: P | GD11: P | GG11: P
A12: 9 | B12: 325106410009 | C12: SRAVANI DUMMU | D12: A | I12: A | L12: P | P12: A | Q12: A | T12: A | AC12: A | AF12: P | AJ12: P | AK12: P | AN12: P | AR12: P | AW12: P | AZ12: P | BA12: P | BD12: P | BE12: P | BH12: P | BI12: P | BQ12: P | BT12: P | BU12: P | BX12: P | BY12: P | CB12: P | CF12: P | CN12: P | CQ12: P | CR12: P | CU12: P | CV12: P | CZ12: A | DC12: P | DK12: P | DN12: P | DO12: P | DR12: P | DS12: P | DV12: P | DW12: P | DZ12: P | EH12: P | EK12: P | EL12: P | EO12: P | EP12: P | ES12: P | ET12: P | FB12: P | FE12: P | FF12: P | FI12: P | FJ12: P | FR12: P | FY12: P | FZ12: P | GD12: A | GG12: A
A13: 10 | B13: 325106410010 | C13: EESHAAN URLAM | D13: A | I13: A | L13: A | P13: A | Q13: A | T13: A | AC13: P | AF13: P | AJ13: P | AK13: P | AN13: P | AR13: A | AW13: P | AZ13: P | BA13: P | BD13: P | BE13: P | BH13: P | BI13: P | BQ13: P | BT13: P | BU13: P | BX13: P | BY13: P | CB13: P | CF13: P | CN13: P | CQ13: P | CR13: P | CU13: A | CV13: A | CZ13: P | DC13: P | DK13: P | DN13: P | DO13: P | DR13: P | DS13: P | DV13: P | DW13: P | DZ13: A | EH13: P | EK13: P | EL13: P | EO13: P | EP13: P | ES13: P | ET13: P | FB13: P | FE13: P | FF13: P | FI13: P | FJ13: P | FR13: P | FY13: P | FZ13: A | GD13: A | GG13: P
A14: 11 | B14: 325106410011 | C14: KAILASH REDDY GADI | D14: A | I14: A | L14: P | P14: P | Q14: P | T14: A | AC14: P | AF14: P | AJ14: P | AK14: P | AN14: P | AR14: P | AW14: P | AZ14: P | BA14: P | BD14: P | BE14: P | BH14: P | BI14: P | BQ14: P | BT14: A | BU14: A | BX14: P | BY14: P | CB14: P | CF14: A | CN14: P | CQ14: P | CR14: P | CU14: A | CV14: A | CZ14: P | DC14: P | DK14: P | DN14: P | DO14: P | DR14: P | DS14: P | DV14: P | DW14: P | DZ14: P | EH14: P | EK14: P | EL14: P | EO14: P | EP14: P | ES14: P | ET14: P | FB14: P | FE14: P | FF14: P | FI14: P | FJ14: P | FR14: P | FY14: P | FZ14: P | GD14: P | GG14: P
A15: 12 | B15: 325106410012 | C15: DEEPIKA GANTA | D15: A | I15: A | L15: A | P15: A | Q15: A | T15: A | AC15: A | AF15: A | AJ15: A | AK15: A | AN15: A | AR15: A | AW15: P | AZ15: P | BA15: P | BD15: P | BE15: P | BH15: P | BI15: P | BQ15: P | BT15: P | BU15: P | BX15: P | BY15: P | CB15: P | CF15: P | CN15: P | CQ15: P | CR15: P | CU15: P | CV15: P | CZ15: P | DC15: P | DK15: P | DN15: P | DO15: P | DR15: P | DS15: P | DV15: P | DW15: P | DZ15: P | EH15: P | EK15: P | EL15: P | EO15: P | EP15: P | ES15: P | ET15: P | FB15: P | FE15: P | FF15: P | FI15: P | FJ15: P | FR15: P | FY15: P | FZ15: P | GD15: A | GG15: P
... A127: 124 | B127: 325106410124 | C127: YUVRAJ SINGH | D127: A | I127: A | L127: A | P127: A | Q127: A | T127: A | AC127: A | AF127: A | AJ127: A | AK127: A | AN127: A | AR127: A | AW127: P | AZ127: A | BA127: A | BD127: P | BE127: P | BH127: P | BI127: A | BQ127: P | BT127: P | BU127: P | BX127: P | BY127: P | CB127: P | CF127: A | CN127: P | CQ127: P | CR127: P | CU127: P | CV127: P | CZ127: A | DC127: P | DK127: P | DN127: P | DO127: P | DR127: P | DS127: P | DV127: A | DW127: A | DZ127: P | EH127: P | EK127: P | EL127: P | EO127: A | EP127: P | ES127: P | ET127: P | FB127: P | FE127: P | FF127: P | FI127: P | FJ127: P | FR127: P | FY127: P | FZ127: P | GD127: A | GG127: A

Sheet Monthly Summary
D1: JUNE — Subject-wise & Total Attendance | Y1: JULY — Subject-wise & Total Attendance | AT1: AUGUST — Subject-wise & Total Attendance | BO1: OVERALL (Jun+Jul+Aug) — Subject-wise & Total | CJ1: GRAND TOTAL (Theory 1x + Lab 2x)
D2: PSQT P | E2: PSQT A | F2: PSQT % | G2: OOPJ P | H2: OOPJ A | I2: OOPJ % | J2: OS P | K2: OS A | L2: OS % | M2: COA P | N2: COA A | O2: COA % | P2: DMS P | Q2: DMS A | R2: DMS % | S2: June Theory Total P | T2: June Theory Total A | U2: June Theory Total % | V2: June Lab P | W2: June Lab A | X2: June Lab % | Y2: PSQT P | Z2: PSQT A | AA2: PSQT % | AB2: OOPJ P | AC2: OOPJ A | AD2: OOPJ % | AE2: OS P | AF2: OS A | AG2: OS % | AH2: COA P | AI2: COA A | AJ2: COA % | AK2: DMS P | AL2: DMS A | AM2: DMS % | AN2: July Theory Total P | AO2: July Theory Total A | AP2: July Theory Total % | AQ2: July Lab P | AR2: July Lab A | AS2: July Lab % | AT2: PSQT P | AU2: PSQT A | AV2: PSQT % | AW2: OOPJ P | AX2: OOPJ A | AY2: OOPJ % | AZ2: OS P | BA2: OS A | BB2: OS % | BC2: COA P | BD2: COA A | BE2: COA % | BF2: DMS P | BG2: DMS A | BH2: DMS % | BI2: Aug Theory Total P | BJ2: Aug Theory Total A | BK2: Aug Theory Total % | BL2: Aug Lab P | BM2: Aug Lab A | BN2: Aug Lab % | BO2: PSQT Overall P | BP2: PSQT Overall A | BQ2: PSQT Overall % | BR2: OOPJ Overall P | BS2: OOPJ Overall A | BT2: OOPJ Overall % | BU2: OS Overall P | BV2: OS Overall A | BW2: OS Overall % | BX2: COA Overall P | BY2: COA Overall A | BZ2: COA Overall % | CA2: DMS Overall P | CB2: DMS Overall A | CC2: DMS Overall % | CD2: Overall Theory Total P | CE2: Overall Theory Total A | CF2: Overall Theory Total % | CG2: Overall Lab P | CH2: Overall Lab A | CI2: Overall Lab % | CJ2: Grand Total Present (Units) | CK2: Grand Total Absent (Units) | CL2: Grand Overall % (Theory=1x, Lab=2x) | CM2: Lab Batch
A3: 1 | B3: 325106410001 | C3: RATISH SHARMA | D3: 0 | E3: 0 | F3: =IF((D3+E3)=0,"", D3/(D3+E3)) | G3: =COUNTIF('Detailed Attendance'!I4:I4, "P") | H3: =COUNTIF('Detailed Attendance'!I4:I4, "A") | I3: =IF((G3+H3)=0,"", G3/(G3+H3)) | J3: 0 | K3: 0 | L3: =IF((J3+K3)=0,"", J3/(J3+K3)) | M3: =COUNTIF('Detailed Attendance'!D4:D4, "P") | N3: =COUNTIF('Detailed Attendance'!D4:D4, "A") | O3: =IF((M3+N3)=0,"", M3/(M3+N3)) | P3: 0 | Q3: 0 | R3: =IF((P3+Q3)=0,"", P3/(P3+Q3)) | S3: =D3+G3+J3+M3+P3 | T3: =E3+H3+K3+N3+Q3 | U3: =IF((S3+T3)=0,"", S3/(S3+T3)) | V3: =COUNTIF('Detailed Attendance'!E4:E4, "P") | W3: =COUNTIF('Detailed Attendance'!E4:E4, "A") | X3: =IF((V3+W3)=0,"", V3/(V3+W3)) | Y3: =COUNTIF('Detailed Attendance'!R4:R4, "P")+COUNTIF('Detailed Attendance'!X4:X4, "P")+COUNTIF('Detailed Attendance'!AL4:AL4, "P")+COUNTIF('Detailed Attendance'!BF4:BF4, "P")+COUNTIF('Detailed Attendance'!BL4:BL4, "P")+COUNTIF('Detailed Attendance'!BZ4:BZ4, "P")+COUNTIF('Detailed Attendance'!CI4:CI4, "P")+COUNTIF('Detailed Attendance'!CW4:CW4, "P") | Z3: =COUNTIF('Detailed Attendance'!R4:R4, "A")+COUNTIF('Detailed Attendance'!X4:X4, "A")+COUNTIF('Detailed Attendance'!AL4:AL4, "A")+COUNTIF('Detailed Attendance'!BF4:BF4, "A")+COUNTIF('Detailed Attendance'!BL4:BL4, "A")+COUNTIF('Detailed Attendance'!BZ4:BZ4, "A")+COUNTIF('Detailed Attendance'!CI4:CI4, "A")+COUNTIF('Detailed Attendance'!CW4:CW4, "A") | AA3: =IF((Y3+Z3)=0,"", Y3/(Y3+Z3)) | AB3: =COUNTIF('Detailed Attendance'!Q4:Q4, "P")+COUNTIF('Detailed Attendance'!AC4:AC4, "P")+COUNTIF('Detailed Attendance'!AK4:AK4, "P")+COUNTIF('Detailed Attendance'!AW4:AW4, "P")+COUNTIF('Detailed Attendance'!BE4:BE4, "P")+COUNTIF('Detailed Attendance'!BQ4:BQ4, "P")+COUNTIF('Detailed Attendance'!BY4:BY4, "P")+COUNTIF('Detailed Attendance'!CN4:CN4, "P")+COUNTIF('Detailed Attendance'!CV4:CV4, "P") | AC3: =COUNTIF('Detailed Attendance'!Q4:Q4, "A")+COUNTIF('Detailed Attendance'!AC4:AC4, "A")+COUNTIF('Detailed Attendance'!AK4:AK4, "A")+COUNTIF('Detailed Attendance'!AW4:AW4, "A")+COUNTIF('Detailed Attendance'!BE4:BE4, "A")+COUNTIF('Detailed Attendance'!BQ4:BQ4, "A")+COUNTIF('Detailed Attendance'!BY4:BY4, "A")+COUNTIF('Detailed Attendance'!CN4:CN4, "A")+COUNTIF('Detailed Attendance'!CV4:CV4, "A") | AD3: =IF((AB3+AC3)=0,"", AB3/(AB3+AC3)) | AE3: =COUNTIF('Detailed Attendance'!L4:L4, "P")+COUNTIF('Detailed Attendance'!P4:P4, "P")+COUNTIF('Detailed Attendance'!AF4:AF4, "P")+COUNTIF('Detailed Attendance'!AJ4:AJ4, "P")+COUNTIF('Detailed Attendance'!AZ4:AZ4, "P")+COUNTIF('Detailed Attendance'!BD4:BD4, "P")+COUNTIF('Detailed Attendance'!BT4:BT4, "P")+COUNTIF('Detailed Attendance'!BX4:BX4, "P")+COUNTIF('Detailed Attendance'!CQ4:CQ4, "P")+COUNTIF('Detailed Attendance'!CU4:CU4, "P") | AF3: =COUNTIF('Detailed Attendance'!L4:L4, "A")+COUNTIF('Detailed Attendance'!P4:P4, "A")+COUNTIF('Detailed Attendance'!AF4:AF4, "A")+COUNTIF('Detailed Attendance'!AJ4:AJ4, "A")+COUNTIF('Detailed Attendance'!AZ4:AZ4, "A")+COUNTIF('Detailed Attendance'!BD4:BD4, "A")+COUNTIF('Detailed Attendance'!BT4:BT4, "A")+COUNTIF('Detailed Attendance'!BX4:BX4, "A")+COUNTIF('Detailed Attendance'!CQ4:CQ4, "A")+COUNTIF('Detailed Attendance'!CU4:CU4, "A") | AG3: =IF((AE3+AF3)=0,"", AE3/(AE3+AF3)) | AH3: =COUNTIF('Detailed Attendance'!T4:T4, "P")+COUNTIF('Detailed Attendance'!AN4:AN4, "P")+COUNTIF('Detailed Attendance'!AR4:AR4, "P")+COUNTIF('Detailed Attendance'!BH4:BH4, "P")+COUNTIF('Detailed Attendance'!CB4:CB4, "P")+COUNTIF('Detailed Attendance'!CF4:CF4, "P")+COUNTIF('Detailed Attendance'!CY4:CY4, "P") | AI3: =COUNTIF('Detailed Attendance'!T4:T4, "A")+COUNTIF('Detailed Attendance'!AN4:AN4, "A")+COUNTIF('Detailed Attendance'!AR4:AR4, "A")+COUNTIF('Detailed Attendance'!BH4:BH4, "A")+COUNTIF('Detailed Attendance'!CB4:CB4, "A")+COUNTIF('Detailed Attendance'!CF4:CF4, "A")+COUNTIF('Detailed Attendance'!CY4:CY4, "A") | AJ3: =IF((AH3+AI3)=0,"", AH3/(AH3+AI3)) | AK3: =COUNTIF('Detailed Attendance'!M4:M4, "P")+COUNTIF('Detailed Attendance'!U4:U4, "P")+COUNTIF('Detailed Attendance'!AG4:AG4, "P")+COUNTIF('Detailed Attendance'!AO4:AO4, "P")+COUNTIF('Detailed Attendance'!BA4:BA4, "P")+COUNTIF('Detailed Attendance'!BI4:BI4, "P")+COUNTIF('Detailed Attendance'!BU4:BU4, "P")+COUNTIF('Detailed Attendance'!CC4:CC4, "P")+COUNTIF('Detailed Attendance'!CR4:CR4, "P")+COUNTIF('Detailed Attendance'!CZ4:CZ4, "P") | AL3: =COUNTIF('Detailed Attendance'!M4:M4, "A")+COUNTIF('Detailed Attendance'!U4:U4, "A")+COUNTIF('Detailed Attendance'!AG4:AG4, "A")+COUNTIF('Detailed Attendance'!AO4:AO4, "A")+COUNTIF('Detailed Attendance'!BA4:BA4, "A")+COUNTIF('Detailed Attendance'!BI4:BI4, "A")+COUNTIF('Detailed Attendance'!BU4:BU4, "A")+COUNTIF('Detailed Attendance'!CC4:CC4, "A")+COUNTIF('Detailed Attendance'!CR4:CR4, "A")+COUNTIF('Detailed Attendance'!CZ4:CZ4, "A") | AM3: =IF((AK3+AL3)=0,"", AK3/(AK3+AL3)) | AN3: =Y3+AB3+AE3+AH3+AK3 | AO3: =Z3+AC3+AF3+AI3+AL3 | AP3: =IF((AN3+AO3)=0,"", AN3/(AN3+AO3)) | AQ3: =COUNTIF('Detailed Attendance'!Y4:Y4, "P")+COUNTIF('Detailed Attendance'!AS4:AS4, "P")+COUNTIF('Detailed Attendance'!BM4:BM4, "P")+COUNTIF('Detailed Attendance'!CJ4:CJ4, "P")+COUNTIF('Detailed Attendance'!V4:V4, "P")+COUNTIF('Detailed Attendance'!AP4:AP4, "P")+COUNTIF('Detailed Attendance'!BJ4:BJ4, "P")+COUNTIF('Detailed Attendance'!CD4:CD4, "P")+COUNTIF('Detailed Attendance'!DA4:DA4, "P")+COUNTIF('Detailed Attendance'!CH4:CH4, "P") | AR3: =COUNTIF('Detailed Attendance'!Y4:Y4, "A")+COUNTIF('Detailed Attendance'!AS4:AS4, "A")+COUNTIF('Detailed Attendance'!BM4:BM4, "A")+COUNTIF('Detailed Attendance'!CJ4:CJ4, "A")+COUNTIF('Detailed Attendance'!V4:V4, "A")+COUNTIF('Detailed Attendance'!AP4:AP4, "A")+COUNTIF('Detailed Attendance'!BJ4:BJ4, "A")+COUNTIF('Detailed Attendance'!CD4:CD4, "A")+COUNTIF('Detailed Attendance'!DA4:DA4, "A")+COUNTIF('Detailed Attendance'!CH4:CH4, "A") | AS3: =IF((AQ3+AR3)=0,"", AQ3/(AQ3+AR3)) | AT3: =COUNTIF('Detailed Attendance'!DF4:DF4, "P")+COUNTIF('Detailed Attendance'!DT4:DT4, "P")+COUNTIF('Detailed Attendance'!EC4:EC4, "P")+COUNTIF('Detailed Attendance'!EQ4:EQ4, "P")+COUNTIF('Detailed Attendance'!EW4:EW4, "P")+COUNTIF('Detailed Attendance'!FK4:FK4, "P")+COUNTIF('Detailed Attendance'!FM4:FM4, "P")+COUNTIF('Detailed Attendance'!GA4:GA4, "P") | AU3: =COUNTIF('Detailed Attendance'!DF4:DF4, "A")+COUNTIF('Detailed Attendance'!DT4:DT4, "A")+COUNTIF('Detailed Attendance'!EC4:EC4, "A")+COUNTIF('Detailed Attendance'!EQ4:EQ4, "A")+COUNTIF('Detailed Attendance'!EW4:EW4, "A")+COUNTIF('Detailed Attendance'!FK4:FK4, "A")+COUNTIF('Detailed Attendance'!FM4:FM4, "A")+COUNTIF('Detailed Attendance'!GA4:GA4, "A") | AV3: =IF((AT3+AU3)=0,"", AT3/(AT3+AU3)) | AW3: =COUNTIF('Detailed Attendance'!DK4:DK4, "P")+COUNTIF('Detailed Attendance'!DS4:DS4, "P")+COUNTIF('Detailed Attendance'!EH4:EH4, "P")+COUNTIF('Detailed Attendance'!EP4:EP4, "P")+COUNTIF('Detailed Attendance'!FB4:FB4, "P")+COUNTIF('Detailed Attendance'!FJ4:FJ4, "P")+COUNTIF('Detailed Attendance'!FR4:FR4, "P")+COUNTIF('Detailed Attendance'!FZ4:FZ4, "P") | AX3: =COUNTIF('Detailed Attendance'!DK4:DK4, "A")+COUNTIF('Detailed Attendance'!DS4:DS4, "A")+COUNTIF('Detailed Attendance'!EH4:EH4, "A")+COUNTIF('Detailed Attendance'!EP4:EP4, "A")+COUNTIF('Detailed Attendance'!FB4:FB4, "A")+COUNTIF('Detailed Attendance'!FJ4:FJ4, "A")+COUNTIF('Detailed Attendance'!FR4:FR4, "A")+COUNTIF('Detailed Attendance'!FZ4:FZ4, "A") | AY3: =IF((AW3+AX3)=0,"", AW3/(AW3+AX3)) | AZ3: =COUNTIF('Detailed Attendance'!DN4:DN4, "P")+COUNTIF('Detailed Attendance'!DR4:DR4, "P")+COUNTIF('Detailed Attendance'!EK4:EK4, "P")+COUNTIF('Detailed Attendance'!EO4:EO4, "P")+COUNTIF('Detailed Attendance'!FE4:FE4, "P")+COUNTIF('Detailed Attendance'!FI4:FI4, "P")+COUNTIF('Detailed Attendance'!FU4:FU4, "P")+COUNTIF('Detailed Attendance'!FY4:FY4, "P") | BA3: =COUNTIF('Detailed Attendance'!DN4:DN4, "A")+COUNTIF('Detailed Attendance'!DR4:DR4, "A")+COUNTIF('Detailed Attendance'!EK4:EK4, "A")+COUNTIF('Detailed Attendance'!EO4:EO4, "A")+COUNTIF('Detailed Attendance'!FE4:FE4, "A")+COUNTIF('Detailed Attendance'!FI4:FI4, "A")+COUNTIF('Detailed Attendance'!FU4:FU4, "A")+COUNTIF('Detailed Attendance'!FY4:FY4, "A") | BB3: =IF((AZ3+BA3)=0,"", AZ3/(AZ3+BA3)) | BC3: =COUNTIF('Detailed Attendance'!DC4:DC4, "P")+COUNTIF('Detailed Attendance'!DV4:DV4, "P")+COUNTIF('Detailed Attendance'!DZ4:DZ4, "P")+COUNTIF('Detailed Attendance'!ES4:ES4, "P")+COUNTIF('Detailed Attendance'!GC4:GC4, "P")+COUNTIF('Detailed Attendance'!GG4:GG4, "P") | BD3: =COUNTIF('Detailed Attendance'!DC4:DC4, "A")+COUNTIF('Detailed Attendance'!DV4:DV4, "A")+COUNTIF('Detailed Attendance'!DZ4:DZ4, "A")+COUNTIF('Detailed Attendance'!ES4:ES4, "A")+COUNTIF('Detailed Attendance'!GC4:GC4, "A")+COUNTIF('Detailed Attendance'!GG4:GG4, "A") | BE3: =IF((BC3+BD3)=0,"", BC3/(BC3+BD3)) | BF3: =COUNTIF('Detailed Attendance'!DO4:DO4, "P")+COUNTIF('Detailed Attendance'!DW4:DW4, "P")+COUNTIF('Detailed Attendance'!EL4:EL4, "P")+COUNTIF('Detailed Attendance'!ET4:ET4, "P")+COUNTIF('Detailed Attendance'!FF4:FF4, "P")+COUNTIF('Detailed Attendance'!FV4:FV4, "P")+COUNTIF('Detailed Attendance'!GD4:GD4, "P") | BG3: =COUNTIF('Detailed Attendance'!DO4:DO4, "A")+COUNTIF('Detailed Attendance'!DW4:DW4, "A")+COUNTIF('Detailed Attendance'!EL4:EL4, "A")+COUNTIF('Detailed Attendance'!ET4:ET4, "A")+COUNTIF('Detailed Attendance'!FF4:FF4, "A")+COUNTIF('Detailed Attendance'!FV4:FV4, "A")+COUNTIF('Detailed Attendance'!GD4:GD4, "A") | BH3: =IF((BF3+BG3)=0,"", BF3/(BF3+BG3)) | BI3: =AT3+AW3+AZ3+BC3+BF3 | BJ3: =AU3+AX3+BA3+BD3+BG3 | BK3: =IF((BI3+BJ3)=0,"", BI3/(BI3+BJ3)) | BL3: =COUNTIF('Detailed Attendance'!DG4:DG4, "P")+COUNTIF('Detailed Attendance'!ED4:ED4, "P")+COUNTIF('Detailed Attendance'!EX4:EX4, "P")+COUNTIF('Detailed Attendance'!FN4:FN4, "P")+COUNTIF('Detailed Attendance'!DX4:DX4, "P")+COUNTIF('Detailed Attendance'!EU4:EU4, "P")+COUNTIF('Detailed Attendance'!GE4:GE4, "P")+COUNTIF('Detailed Attendance'!DE4:DE4, "P")+COUNTIF('Detailed Attendance'!EB4:EB4, "P")+COUNTIF('Detailed Attendance'!GI4:GI4, "P") | BM3: =COUNTIF('Detailed Attendance'!DG4:DG4, "A")+COUNTIF('Detailed Attendance'!ED4:ED4, "A")+COUNTIF('Detailed Attendance'!EX4:EX4, "A")+COUNTIF('Detailed Attendance'!FN4:FN4, "A")+COUNTIF('Detailed Attendance'!DX4:DX4, "A")+COUNTIF('Detailed Attendance'!EU4:EU4, "A")+COUNTIF('Detailed Attendance'!GE4:GE4, "A")+COUNTIF('Detailed Attendance'!DE4:DE4, "A")+COUNTIF('Detailed Attendance'!EB4:EB4, "A")+COUNTIF('Detailed Attendance'!GI4:GI4, "A") | BN3: =IF((BL3+BM3)=0,"", BL3/(BL3+BM3)) | BO3: =D3+Y3+AT3 | BP3: =E3+Z3+AU3 | BQ3: =IF((BO3+BP3)=0,"", BO3/(BO3+BP3)) | BR3: =G3+AB3+AW3 | BS3: =H3+AC3+AX3 | BT3: =IF((BR3+BS3)=0,"", BR3/(BR3+BS3)) | BU3: =J3+AE3+AZ3 | BV3: =K3+AF3+BA3 | BW3: =IF((BU3+BV3)=0,"", BU3/(BU3+BV3)) | BX3: =M3+AH3+BC3 | BY3: =N3+AI3+BD3 | BZ3: =IF((BX3+BY3)=0,"", BX3/(BX3+BY3)) | CA3: =P3+AK3+BF3 | CB3: =Q3+AL3+BG3 | CC3: =IF((CA3+CB3)=0,"", CA3/(CA3+CB3)) | CD3: =S3+AN3+BI3 | CE3: =T3+AO3+BJ3 | CF3: =IF((CD3+CE3)=0,"", CD3/(CD3+CE3)) | CG3: =V3+AQ3+BL3 | CH3: =W3+AR3+BM3 | CI3: =IF((CG3+CH3)=0,"", CG3/(CG3+CH3)) | CJ3: =CD3+(CG3*2) | CK3: =CE3+(CH3*2) | CL3: =IF((CJ3+CK3)=0,"", CJ3/(CJ3+CK3)) | CM3: Batch 1
A4: 2 | B4: 325106410002 | C4: ABDUL REHMAN | D4: 0 | E4: 0 | F4: =IF((D4+E4)=0,"", D4/(D4+E4)) | G4: =COUNTIF('Detailed Attendance'!I5:I5, "P") | H4: =COUNTIF('Detailed Attendance'!I5:I5, "A") | I4: =IF((G4+H4)=0,"", G4/(G4+H4)) | J4: 0 | K4: 0 | L4: =IF((J4+K4)=0,"", J4/(J4+K4)) | M4: =COUNTIF('Detailed Attendance'!D5:D5, "P") | N4: =COUNTIF('Detailed Attendance'!D5:D5, "A") | O4: =IF((M4+N4)=0,"", M4/(M4+N4)) | P4: 0 | Q4: 0 | R4: =IF((P4+Q4)=0,"", P4/(P4+Q4)) | S4: =D4+G4+J4+M4+P4 | T4: =E4+H4+K4+N4+Q4 | U4: =IF((S4+T4)=0,"", S4/(S4+T4)) | V4: =COUNTIF('Detailed Attendance'!E5:E5, "P") | W4: =COUNTIF('Detailed Attendance'!E5:E5, "A") | X4: =IF((V4+W4)=0,"", V4/(V4+W4)) | Y4: =COUNTIF('Detailed Attendance'!R5:R5, "P")+COUNTIF('Detailed Attendance'!X5:X5, "P")+COUNTIF('Detailed Attendance'!AL5:AL5, "P")+COUNTIF('Detailed Attendance'!BF5:BF5, "P")+COUNTIF('Detailed Attendance'!BL5:BL5, "P")+COUNTIF('Detailed Attendance'!BZ5:BZ5, "P")+COUNTIF('Detailed Attendance'!CI5:CI5, "P")+COUNTIF('Detailed Attendance'!CW5:CW5, "P") | Z4: =COUNTIF('Detailed Attendance'!R5:R5, "A")+COUNTIF('Detailed Attendance'!X5:X5, "A")+COUNTIF('Detailed Attendance'!AL5:AL5, "A")+COUNTIF('Detailed Attendance'!BF5:BF5, "A")+COUNTIF('Detailed Attendance'!BL5:BL5, "A")+COUNTIF('Detailed Attendance'!BZ5:BZ5, "A")+COUNTIF('Detailed Attendance'!CI5:CI5, "A")+COUNTIF('Detailed Attendance'!CW5:CW5, "A") | AA4: =IF((Y4+Z4)=0,"", Y4/(Y4+Z4)) | AB4: =COUNTIF('Detailed Attendance'!Q5:Q5, "P")+COUNTIF('Detailed Attendance'!AC5:AC5, "P")+COUNTIF('Detailed Attendance'!AK5:AK5, "P")+COUNTIF('Detailed Attendance'!AW5:AW5, "P")+COUNTIF('Detailed Attendance'!BE5:BE5, "P")+COUNTIF('Detailed Attendance'!BQ5:BQ5, "P")+COUNTIF('Detailed Attendance'!BY5:BY5, "P")+COUNTIF('Detailed Attendance'!CN5:CN5, "P")+COUNTIF('Detailed Attendance'!CV5:CV5, "P") | AC4: =COUNTIF('Detailed Attendance'!Q5:Q5, "A")+COUNTIF('Detailed Attendance'!AC5:AC5, "A")+COUNTIF('Detailed Attendance'!AK5:AK5, "A")+COUNTIF('Detailed Attendance'!AW5:AW5, "A")+COUNTIF('Detailed Attendance'!BE5:BE5, "A")+COUNTIF('Detailed Attendance'!BQ5:BQ5, "A")+COUNTIF('Detailed Attendance'!BY5:BY5, "A")+COUNTIF('Detailed Attendance'!CN5:CN5, "A")+COUNTIF('Detailed Attendance'!CV5:CV5, "A") | AD4: =IF((AB4+AC4)=0,"", AB4/(AB4+AC4)) | AE4: =COUNTIF('Detailed Attendance'!L5:L5, "P")+COUNTIF('Detailed Attendance'!P5:P5, "P")+COUNTIF('Detailed Attendance'!AF5:AF5, "P")+COUNTIF('Detailed Attendance'!AJ5:AJ5, "P")+COUNTIF('Detailed Attendance'!AZ5:AZ5, "P")+COUNTIF('Detailed Attendance'!BD5:BD5, "P")+COUNTIF('Detailed Attendance'!BT5:BT5, "P")+COUNTIF('Detailed Attendance'!BX5:BX5, "P")+COUNTIF('Detailed Attendance'!CQ5:CQ5, "P")+COUNTIF('Detailed Attendance'!CU5:CU5, "P") | AF4: =COUNTIF('Detailed Attendance'!L5:L5, "A")+COUNTIF('Detailed Attendance'!P5:P5, "A")+COUNTIF('Detailed Attendance'!AF5:AF5, "A")+COUNTIF('Detailed Attendance'!AJ5:AJ5, "A")+COUNTIF('Detailed Attendance'!AZ5:AZ5, "A")+COUNTIF('Detailed Attendance'!BD5:BD5, "A")+COUNTIF('Detailed Attendance'!BT5:BT5, "A")+COUNTIF('Detailed Attendance'!BX5:BX5, "A")+COUNTIF('Detailed Attendance'!CQ5:CQ5, "A")+COUNTIF('Detailed Attendance'!CU5:CU5, "A") | AG4: =IF((AE4+AF4)=0,"", AE4/(AE4+AF4)) | AH4: =COUNTIF('Detailed Attendance'!T5:T5, "P")+COUNTIF('Detailed Attendance'!AN5:AN5, "P")+COUNTIF('Detailed Attendance'!AR5:AR5, "P")+COUNTIF('Detailed Attendance'!BH5:BH5, "P")+COUNTIF('Detailed Attendance'!CB5:CB5, "P")+COUNTIF('Detailed Attendance'!CF5:CF5, "P")+COUNTIF('Detailed Attendance'!CY5:CY5, "P") | AI4: =COUNTIF('Detailed Attendance'!T5:T5, "A")+COUNTIF('Detailed Attendance'!AN5:AN5, "A")+COUNTIF('Detailed Attendance'!AR5:AR5, "A")+COUNTIF('Detailed Attendance'!BH5:BH5, "A")+COUNTIF('Detailed Attendance'!CB5:CB5, "A")+COUNTIF('Detailed Attendance'!CF5:CF5, "A")+COUNTIF('Detailed Attendance'!CY5:CY5, "A") | AJ4: =IF((AH4+AI4)=0,"", AH4/(AH4+AI4)) | AK4: =COUNTIF('Detailed Attendance'!M5:M5, "P")+COUNTIF('Detailed Attendance'!U5:U5, "P")+COUNTIF('Detailed Attendance'!AG5:AG5, "P")+COUNTIF('Detailed Attendance'!AO5:AO5, "P")+COUNTIF('Detailed Attendance'!BA5:BA5, "P")+COUNTIF('Detailed Attendance'!BI5:BI5, "P")+COUNTIF('Detailed Attendance'!BU5:BU5, "P")+COUNTIF('Detailed Attendance'!CC5:CC5, "P")+COUNTIF('Detailed Attendance'!CR5:CR5, "P")+COUNTIF('Detailed Attendance'!CZ5:CZ5, "P") | AL4: =COUNTIF('Detailed Attendance'!M5:M5, "A")+COUNTIF('Detailed Attendance'!U5:U5, "A")+COUNTIF('Detailed Attendance'!AG5:AG5, "A")+COUNTIF('Detailed Attendance'!AO5:AO5, "A")+COUNTIF('Detailed Attendance'!BA5:BA5, "A")+COUNTIF('Detailed Attendance'!BI5:BI5, "A")+COUNTIF('Detailed Attendance'!BU5:BU5, "A")+COUNTIF('Detailed Attendance'!CC5:CC5, "A")+COUNTIF('Detailed Attendance'!CR5:CR5, "A")+COUNTIF('Detailed Attendance'!CZ5:CZ5, "A") | AM4: =IF((AK4+AL4)=0,"", AK4/(AK4+AL4)) | AN4: =Y4+AB4+AE4+AH4+AK4 | AO4: =Z4+AC4+AF4+AI4+AL4 | AP4: =IF((AN4+AO4)=0,"", AN4/(AN4+AO4)) | AQ4: =COUNTIF('Detailed Attendance'!Y5:Y5, "P")+COUNTIF('Detailed Attendance'!AS5:AS5, "P")+COUNTIF('Detailed Attendance'!BM5:BM5, "P")+COUNTIF('Detailed Attendance'!CJ5:CJ5, "P")+COUNTIF('Detailed Attendance'!V5:V5, "P")+COUNTIF('Detailed Attendance'!AP5:AP5, "P")+COUNTIF('Detailed Attendance'!BJ5:BJ5, "P")+COUNTIF('Detailed Attendance'!CD5:CD5, "P")+COUNTIF('Detailed Attendance'!DA5:DA5, "P")+COUNTIF('Detailed Attendance'!CH5:CH5, "P") | AR4: =COUNTIF('Detailed Attendance'!Y5:Y5, "A")+COUNTIF('Detailed Attendance'!AS5:AS5, "A")+COUNTIF('Detailed Attendance'!BM5:BM5, "A")+COUNTIF('Detailed Attendance'!CJ5:CJ5, "A")+COUNTIF('Detailed Attendance'!V5:V5, "A")+COUNTIF('Detailed Attendance'!AP5:AP5, "A")+COUNTIF('Detailed Attendance'!BJ5:BJ5, "A")+COUNTIF('Detailed Attendance'!CD5:CD5, "A")+COUNTIF('Detailed Attendance'!DA5:DA5, "A")+COUNTIF('Detailed Attendance'!CH5:CH5, "A") | AS4: =IF((AQ4+AR4)=0,"", AQ4/(AQ4+AR4)) | AT4: =COUNTIF('Detailed Attendance'!DF5:DF5, "P")+COUNTIF('Detailed Attendance'!DT5:DT5, "P")+COUNTIF('Detailed Attendance'!EC5:EC5, "P")+COUNTIF('Detailed Attendance'!EQ5:EQ5, "P")+COUNTIF('Detailed Attendance'!EW5:EW5, "P")+COUNTIF('Detailed Attendance'!FK5:FK5, "P")+COUNTIF('Detailed Attendance'!FM5:FM5, "P")+COUNTIF('Detailed Attendance'!GA5:GA5, "P") | AU4: =COUNTIF('Detailed Attendance'!DF5:DF5, "A")+COUNTIF('Detailed Attendance'!DT5:DT5, "A")+COUNTIF('Detailed Attendance'!EC5:EC5, "A")+COUNTIF('Detailed Attendance'!EQ5:EQ5, "A")+COUNTIF('Detailed Attendance'!EW5:EW5, "A")+COUNTIF('Detailed Attendance'!FK5:FK5, "A")+COUNTIF('Detailed Attendance'!FM5:FM5, "A")+COUNTIF('Detailed Attendance'!GA5:GA5, "A") | AV4: =IF((AT4+AU4)=0,"", AT4/(AT4+AU4)) | AW4: =COUNTIF('Detailed Attendance'!DK5:DK5, "P")+COUNTIF('Detailed Attendance'!DS5:DS5, "P")+COUNTIF('Detailed Attendance'!EH5:EH5, "P")+COUNTIF('Detailed Attendance'!EP5:EP5, "P")+COUNTIF('Detailed Attendance'!FB5:FB5, "P")+COUNTIF('Detailed Attendance'!FJ5:FJ5, "P")+COUNTIF('Detailed Attendance'!FR5:FR5, "P")+COUNTIF('Detailed Attendance'!FZ5:FZ5, "P") | AX4: =COUNTIF('Detailed Attendance'!DK5:DK5, "A")+COUNTIF('Detailed Attendance'!DS5:DS5, "A")+COUNTIF('Detailed Attendance'!EH5:EH5, "A")+COUNTIF('Detailed Attendance'!EP5:EP5, "A")+COUNTIF('Detailed Attendance'!FB5:FB5, "A")+COUNTIF('Detailed Attendance'!FJ5:FJ5, "A")+COUNTIF('Detailed Attendance'!FR5:FR5, "A")+COUNTIF('Detailed Attendance'!FZ5:FZ5, "A") | AY4: =IF((AW4+AX4)=0,"", AW4/(AW4+AX4)) | AZ4: =COUNTIF('Detailed Attendance'!DN5:DN5, "P")+COUNTIF('Detailed Attendance'!DR5:DR5, "P")+COUNTIF('Detailed Attendance'!EK5:EK5, "P")+COUNTIF('Detailed Attendance'!EO5:EO5, "P")+COUNTIF('Detailed Attendance'!FE5:FE5, "P")+COUNTIF('Detailed Attendance'!FI5:FI5, "P")+COUNTIF('Detailed Attendance'!FU5:FU5, "P")+COUNTIF('Detailed Attendance'!FY5:FY5, "P") | BA4: =COUNTIF('Detailed Attendance'!DN5:DN5, "A")+COUNTIF('Detailed Attendance'!DR5:DR5, "A")+COUNTIF('Detailed Attendance'!EK5:EK5, "A")+COUNTIF('Detailed Attendance'!EO5:EO5, "A")+COUNTIF('Detailed Attendance'!FE5:FE5, "A")+COUNTIF('Detailed Attendance'!FI5:FI5, "A")+COUNTIF('Detailed Attendance'!FU5:FU5, "A")+COUNTIF('Detailed Attendance'!FY5:FY5, "A") | BB4: =IF((AZ4+BA4)=0,"", AZ4/(AZ4+BA4)) | BC4: =COUNTIF('Detailed Attendance'!DC5:DC5, "P")+COUNTIF('Detailed Attendance'!DV5:DV5, "P")+COUNTIF('Detailed Attendance'!DZ5:DZ5, "P")+COUNTIF('Detailed Attendance'!ES5:ES5, "P")+COUNTIF('Detailed Attendance'!GC5:GC5, "P")+COUNTIF('Detailed Attendance'!GG5:GG5, "P") | BD4: =COUNTIF('Detailed Attendance'!DC5:DC5, "A")+COUNTIF('Detailed Attendance'!DV5:DV5, "A")+COUNTIF('Detailed Attendance'!DZ5:DZ5, "A")+COUNTIF('Detailed Attendance'!ES5:ES5, "A")+COUNTIF('Detailed Attendance'!GC5:GC5, "A")+COUNTIF('Detailed Attendance'!GG5:GG5, "A") | BE4: =IF((BC4+BD4)=0,"", BC4/(BC4+BD4)) | BF4: =COUNTIF('Detailed Attendance'!DO5:DO5, "P")+COUNTIF('Detailed Attendance'!DW5:DW5, "P")+COUNTIF('Detailed Attendance'!EL5:EL5, "P")+COUNTIF('Detailed Attendance'!ET5:ET5, "P")+COUNTIF('Detailed Attendance'!FF5:FF5, "P")+COUNTIF('Detailed Attendance'!FV5:FV5, "P")+COUNTIF('Detailed Attendance'!GD5:GD5, "P") | BG4: =COUNTIF('Detailed Attendance'!DO5:DO5, "A")+COUNTIF('Detailed Attendance'!DW5:DW5, "A")+COUNTIF('Detailed Attendance'!EL5:EL5, "A")+COUNTIF('Detailed Attendance'!ET5:ET5, "A")+COUNTIF('Detailed Attendance'!FF5:FF5, "A")+COUNTIF('Detailed Attendance'!FV5:FV5, "A")+COUNTIF('Detailed Attendance'!GD5:GD5, "A") | BH4: =IF((BF4+BG4)=0,"", BF4/(BF4+BG4)) | BI4: =AT4+AW4+AZ4+BC4+BF4 | BJ4: =AU4+AX4+BA4+BD4+BG4 | BK4: =IF((BI4+BJ4)=0,"", BI4/(BI4+BJ4)) | BL4: =COUNTIF('Detailed Attendance'!DG5:DG5, "P")+COUNTIF('Detailed Attendance'!ED5:ED5, "P")+COUNTIF('Detailed Attendance'!EX5:EX5, "P")+COUNTIF('Detailed Attendance'!FN5:FN5, "P")+COUNTIF('Detailed Attendance'!DX5:DX5, "P")+COUNTIF('Detailed Attendance'!EU5:EU5, "P")+COUNTIF('Detailed Attendance'!GE5:GE5, "P")+COUNTIF('Detailed Attendance'!DE5:DE5, "P")+COUNTIF('Detailed Attendance'!EB5:EB5, "P")+COUNTIF('Detailed Attendance'!GI5:GI5, "P") | BM4: =COUNTIF('Detailed Attendance'!DG5:DG5, "A")+COUNTIF('Detailed Attendance'!ED5:ED5, "A")+COUNTIF('Detailed Attendance'!EX5:EX5, "A")+COUNTIF('Detailed Attendance'!FN5:FN5, "A")+COUNTIF('Detailed Attendance'!DX5:DX5, "A")+COUNTIF('Detailed Attendance'!EU5:EU5, "A")+COUNTIF('Detailed Attendance'!GE5:GE5, "A")+COUNTIF('Detailed Attendance'!DE5:DE5, "A")+COUNTIF('Detailed Attendance'!EB5:EB5, "A")+COUNTIF('Detailed Attendance'!GI5:GI5, "A") | BN4: =IF((BL4+BM4)=0,"", BL4/(BL4+BM4)) | BO4: =D4+Y4+AT4 | BP4: =E4+Z4+AU4 | BQ4: =IF((BO4+BP4)=0,"", BO4/(BO4+BP4)) | BR4: =G4+AB4+AW4 | BS4: =H4+AC4+AX4 | BT4: =IF((BR4+BS4)=0,"", BR4/(BR4+BS4)) | BU4: =J4+AE4+AZ4 | BV4: =K4+AF4+BA4 | BW4: =IF((BU4+BV4)=0,"", BU4/(BU4+BV4)) | BX4: =M4+AH4+BC4 | BY4: =N4+AI4+BD4 | BZ4: =IF((BX4+BY4)=0,"", BX4/(BX4+BY4)) | CA4: =P4+AK4+BF4 | CB4: =Q4+AL4+BG4 | CC4: =IF((CA4+CB4)=0,"", CA4/(CA4+CB4)) | CD4: =S4+AN4+BI4 | CE4: =T4+AO4+BJ4 | CF4: =IF((CD4+CE4)=0,"", CD4/(CD4+CE4)) | CG4: =V4+AQ4+BL4 | CH4: =W4+AR4+BM4 | CI4: =IF((CG4+CH4)=0,"", CG4/(CG4+CH4)) | CJ4: =CD4+(CG4*2) | CK4: =CE4+(CH4*2) | CL4: =IF((CJ4+CK4)=0,"", CJ4/(CJ4+CK4)) | CM4: Batch 1
A5: 3 | B5: 325106410003 | C5: RISHITHA AKUMARTHI | D5: 0 | E5: 0 | F5: =IF((D5+E5)=0,"", D5/(D5+E5)) | G5: =COUNTIF('Detailed Attendance'!I6:I6, "P") | H5: =COUNTIF('Detailed Attendance'!I6:I6, "A") | I5: =IF((G5+H5)=0,"", G5/(G5+H5)) | J5: 0 | K5: 0 | L5: =IF((J5+K5)=0,"", J5/(J5+K5)) | M5: =COUNTIF('Detailed Attendance'!D6:D6, "P") | N5: =COUNTIF('Detailed Attendance'!D6:D6, "A") | O5: =IF((M5+N5)=0,"", M5/(M5+N5)) | P5: 0 | Q5: 0 | R5: =IF((P5+Q5)=0,"", P5/(P5+Q5)) | S5: =D5+G5+J5+M5+P5 | T5: =E5+H5+K5+N5+Q5 | U5: =IF((S5+T5)=0,"", S5/(S5+T5)) | V5: =COUNTIF('Detailed Attendance'!E6:E6, "P") | W5: =COUNTIF('Detailed Attendance'!E6:E6, "A") | X5: =IF((V5+W5)=0,"", V5/(V5+W5)) | Y5: =COUNTIF('Detailed Attendance'!R6:R6, "P")+COUNTIF('Detailed Attendance'!X6:X6, "P")+COUNTIF('Detailed Attendance'!AL6:AL6, "P")+COUNTIF('Detailed Attendance'!BF6:BF6, "P")+COUNTIF('Detailed Attendance'!BL6:BL6, "P")+COUNTIF('Detailed Attendance'!BZ6:BZ6, "P")+COUNTIF('Detailed Attendance'!CI6:CI6, "P")+COUNTIF('Detailed Attendance'!CW6:CW6, "P") | Z5: =COUNTIF('Detailed Attendance'!R6:R6, "A")+COUNTIF('Detailed Attendance'!X6:X6, "A")+COUNTIF('Detailed Attendance'!AL6:AL6, "A")+COUNTIF('Detailed Attendance'!BF6:BF6, "A")+COUNTIF('Detailed Attendance'!BL6:BL6, "A")+COUNTIF('Detailed Attendance'!BZ6:BZ6, "A")+COUNTIF('Detailed Attendance'!CI6:CI6, "A")+COUNTIF('Detailed Attendance'!CW6:CW6, "A") | AA5: =IF((Y5+Z5)=0,"", Y5/(Y5+Z5)) | AB5: =COUNTIF('Detailed Attendance'!Q6:Q6, "P")+COUNTIF('Detailed Attendance'!AC6:AC6, "P")+COUNTIF('Detailed Attendance'!AK6:AK6, "P")+COUNTIF('Detailed Attendance'!AW6:AW6, "P")+COUNTIF('Detailed Attendance'!BE6:BE6, "P")+COUNTIF('Detailed Attendance'!BQ6:BQ6, "P")+COUNTIF('Detailed Attendance'!BY6:BY6, "P")+COUNTIF('Detailed Attendance'!CN6:CN6, "P")+COUNTIF('Detailed Attendance'!CV6:CV6, "P") | AC5: =COUNTIF('Detailed Attendance'!Q6:Q6, "A")+COUNTIF('Detailed Attendance'!AC6:AC6, "A")+COUNTIF('Detailed Attendance'!AK6:AK6, "A")+COUNTIF('Detailed Attendance'!AW6:AW6, "A")+COUNTIF('Detailed Attendance'!BE6:BE6, "A")+COUNTIF('Detailed Attendance'!BQ6:BQ6, "A")+COUNTIF('Detailed Attendance'!BY6:BY6, "A")+COUNTIF('Detailed Attendance'!CN6:CN6, "A")+COUNTIF('Detailed Attendance'!CV6:CV6, "A") | AD5: =IF((AB5+AC5)=0,"", AB5/(AB5+AC5)) | AE5: =COUNTIF('Detailed Attendance'!L6:L6, "P")+COUNTIF('Detailed Attendance'!P6:P6, "P")+COUNTIF('Detailed Attendance'!AF6:AF6, "P")+COUNTIF('Detailed Attendance'!AJ6:AJ6, "P")+COUNTIF('Detailed Attendance'!AZ6:AZ6, "P")+COUNTIF('Detailed Attendance'!BD6:BD6, "P")+COUNTIF('Detailed Attendance'!BT6:BT6, "P")+COUNTIF('Detailed Attendance'!BX6:BX6, "P")+COUNTIF('Detailed Attendance'!CQ6:CQ6, "P")+COUNTIF('Detailed Attendance'!CU6:CU6, "P") | AF5: =COUNTIF('Detailed Attendance'!L6:L6, "A")+COUNTIF('Detailed Attendance'!P6:P6, "A")+COUNTIF('Detailed Attendance'!AF6:AF6, "A")+COUNTIF('Detailed Attendance'!AJ6:AJ6, "A")+COUNTIF('Detailed Attendance'!AZ6:AZ6, "A")+COUNTIF('Detailed Attendance'!BD6:BD6, "A")+COUNTIF('Detailed Attendance'!BT6:BT6, "A")+COUNTIF('Detailed Attendance'!BX6:BX6, "A")+COUNTIF('Detailed Attendance'!CQ6:CQ6, "A")+COUNTIF('Detailed Attendance'!CU6:CU6, "A") | AG5: =IF((AE5+AF5)=0,"", AE5/(AE5+AF5)) | AH5: =COUNTIF('Detailed Attendance'!T6:T6, "P")+COUNTIF('Detailed Attendance'!AN6:AN6, "P")+COUNTIF('Detailed Attendance'!AR6:AR6, "P")+COUNTIF('Detailed Attendance'!BH6:BH6, "P")+COUNTIF('Detailed Attendance'!CB6:CB6, "P")+COUNTIF('Detailed Attendance'!CF6:CF6, "P")+COUNTIF('Detailed Attendance'!CY6:CY6, "P") | AI5: =COUNTIF('Detailed Attendance'!T6:T6, "A")+COUNTIF('Detailed Attendance'!AN6:AN6, "A")+COUNTIF('Detailed Attendance'!AR6:AR6, "A")+COUNTIF('Detailed Attendance'!BH6:BH6, "A")+COUNTIF('Detailed Attendance'!CB6:CB6, "A")+COUNTIF('Detailed Attendance'!CF6:CF6, "A")+COUNTIF('Detailed Attendance'!CY6:CY6, "A") | AJ5: =IF((AH5+AI5)=0,"", AH5/(AH5+AI5)) | AK5: =COUNTIF('Detailed Attendance'!M6:M6, "P")+COUNTIF('Detailed Attendance'!U6:U6, "P")+COUNTIF('Detailed Attendance'!AG6:AG6, "P")+COUNTIF('Detailed Attendance'!AO6:AO6, "P")+COUNTIF('Detailed Attendance'!BA6:BA6, "P")+COUNTIF('Detailed Attendance'!BI6:BI6, "P")+COUNTIF('Detailed Attendance'!BU6:BU6, "P")+COUNTIF('Detailed Attendance'!CC6:CC6, "P")+COUNTIF('Detailed Attendance'!CR6:CR6, "P")+COUNTIF('Detailed Attendance'!CZ6:CZ6, "P") | AL5: =COUNTIF('Detailed Attendance'!M6:M6, "A")+COUNTIF('Detailed Attendance'!U6:U6, "A")+COUNTIF('Detailed Attendance'!AG6:AG6, "A")+COUNTIF('Detailed Attendance'!AO6:AO6, "A")+COUNTIF('Detailed Attendance'!BA6:BA6, "A")+COUNTIF('Detailed Attendance'!BI6:BI6, "A")+COUNTIF('Detailed Attendance'!BU6:BU6, "A")+COUNTIF('Detailed Attendance'!CC6:CC6, "A")+COUNTIF('Detailed Attendance'!CR6:CR6, "A")+COUNTIF('Detailed Attendance'!CZ6:CZ6, "A") | AM5: =IF((AK5+AL5)=0,"", AK5/(AK5+AL5)) | AN5: =Y5+AB5+AE5+AH5+AK5 | AO5: =Z5+AC5+AF5+AI5+AL5 | AP5: =IF((AN5+AO5)=0,"", AN5/(AN5+AO5)) | AQ5: =COUNTIF('Detailed Attendance'!Y6:Y6, "P")+COUNTIF('Detailed Attendance'!AS6:AS6, "P")+COUNTIF('Detailed Attendance'!BM6:BM6, "P")+COUNTIF('Detailed Attendance'!CJ6:CJ6, "P")+COUNTIF('Detailed Attendance'!V6:V6, "P")+COUNTIF('Detailed Attendance'!AP6:AP6, "P")+COUNTIF('Detailed Attendance'!BJ6:BJ6, "P")+COUNTIF('Detailed Attendance'!CD6:CD6, "P")+COUNTIF('Detailed Attendance'!DA6:DA6, "P")+COUNTIF('Detailed Attendance'!CH6:CH6, "P") | AR5: =COUNTIF('Detailed Attendance'!Y6:Y6, "A")+COUNTIF('Detailed Attendance'!AS6:AS6, "A")+COUNTIF('Detailed Attendance'!BM6:BM6, "A")+COUNTIF('Detailed Attendance'!CJ6:CJ6, "A")+COUNTIF('Detailed Attendance'!V6:V6, "A")+COUNTIF('Detailed Attendance'!AP6:AP6, "A")+COUNTIF('Detailed Attendance'!BJ6:BJ6, "A")+COUNTIF('Detailed Attendance'!CD6:CD6, "A")+COUNTIF('Detailed Attendance'!DA6:DA6, "A")+COUNTIF('Detailed Attendance'!CH6:CH6, "A") | AS5: =IF((AQ5+AR5)=0,"", AQ5/(AQ5+AR5)) | AT5: =COUNTIF('Detailed Attendance'!DF6:DF6, "P")+COUNTIF('Detailed Attendance'!DT6:DT6, "P")+COUNTIF('Detailed Attendance'!EC6:EC6, "P")+COUNTIF('Detailed Attendance'!EQ6:EQ6, "P")+COUNTIF('Detailed Attendance'!EW6:EW6, "P")+COUNTIF('Detailed Attendance'!FK6:FK6, "P")+COUNTIF('Detailed Attendance'!FM6:FM6, "P")+COUNTIF('Detailed Attendance'!GA6:GA6, "P") | AU5: =COUNTIF('Detailed Attendance'!DF6:DF6, "A")+COUNTIF('Detailed Attendance'!DT6:DT6, "A")+COUNTIF('Detailed Attendance'!EC6:EC6, "A")+COUNTIF('Detailed Attendance'!EQ6:EQ6, "A")+COUNTIF('Detailed Attendance'!EW6:EW6, "A")+COUNTIF('Detailed Attendance'!FK6:FK6, "A")+COUNTIF('Detailed Attendance'!FM6:FM6, "A")+COUNTIF('Detailed Attendance'!GA6:GA6, "A") | AV5: =IF((AT5+AU5)=0,"", AT5/(AT5+AU5)) | AW5: =COUNTIF('Detailed Attendance'!DK6:DK6, "P")+COUNTIF('Detailed Attendance'!DS6:DS6, "P")+COUNTIF('Detailed Attendance'!EH6:EH6, "P")+COUNTIF('Detailed Attendance'!EP6:EP6, "P")+COUNTIF('Detailed Attendance'!FB6:FB6, "P")+COUNTIF('Detailed Attendance'!FJ6:FJ6, "P")+COUNTIF('Detailed Attendance'!FR6:FR6, "P")+COUNTIF('Detailed Attendance'!FZ6:FZ6, "P") | AX5: =COUNTIF('Detailed Attendance'!DK6:DK6, "A")+COUNTIF('Detailed Attendance'!DS6:DS6, "A")+COUNTIF('Detailed Attendance'!EH6:EH6, "A")+COUNTIF('Detailed Attendance'!EP6:EP6, "A")+COUNTIF('Detailed Attendance'!FB6:FB6, "A")+COUNTIF('Detailed Attendance'!FJ6:FJ6, "A")+COUNTIF('Detailed Attendance'!FR6:FR6, "A")+COUNTIF('Detailed Attendance'!FZ6:FZ6, "A") | AY5: =IF((AW5+AX5)=0,"", AW5/(AW5+AX5)) | AZ5: =COUNTIF('Detailed Attendance'!DN6:DN6, "P")+COUNTIF('Detailed Attendance'!DR6:DR6, "P")+COUNTIF('Detailed Attendance'!EK6:EK6, "P")+COUNTIF('Detailed Attendance'!EO6:EO6, "P")+COUNTIF('Detailed Attendance'!FE6:FE6, "P")+COUNTIF('Detailed Attendance'!FI6:FI6, "P")+COUNTIF('Detailed Attendance'!FU6:FU6, "P")+COUNTIF('Detailed Attendance'!FY6:FY6, "P") | BA5: =COUNTIF('Detailed Attendance'!DN6:DN6, "A")+COUNTIF('Detailed Attendance'!DR6:DR6, "A")+COUNTIF('Detailed Attendance'!EK6:EK6, "A")+COUNTIF('Detailed Attendance'!EO6:EO6, "A")+COUNTIF('Detailed Attendance'!FE6:FE6, "A")+COUNTIF('Detailed Attendance'!FI6:FI6, "A")+COUNTIF('Detailed Attendance'!FU6:FU6, "A")+COUNTIF('Detailed Attendance'!FY6:FY6, "A") | BB5: =IF((AZ5+BA5)=0,"", AZ5/(AZ5+BA5)) | BC5: =COUNTIF('Detailed Attendance'!DC6:DC6, "P")+COUNTIF('Detailed Attendance'!DV6:DV6, "P")+COUNTIF('Detailed Attendance'!DZ6:DZ6, "P")+COUNTIF('Detailed Attendance'!ES6:ES6, "P")+COUNTIF('Detailed Attendance'!GC6:GC6, "P")+COUNTIF('Detailed Attendance'!GG6:GG6, "P") | BD5: =COUNTIF('Detailed Attendance'!DC6:DC6, "A")+COUNTIF('Detailed Attendance'!DV6:DV6, "A")+COUNTIF('Detailed Attendance'!DZ6:DZ6, "A")+COUNTIF('Detailed Attendance'!ES6:ES6, "A")+COUNTIF('Detailed Attendance'!GC6:GC6, "A")+COUNTIF('Detailed Attendance'!GG6:GG6, "A") | BE5: =IF((BC5+BD5)=0,"", BC5/(BC5+BD5)) | BF5: =COUNTIF('Detailed Attendance'!DO6:DO6, "P")+COUNTIF('Detailed Attendance'!DW6:DW6, "P")+COUNTIF('Detailed Attendance'!EL6:EL6, "P")+COUNTIF('Detailed Attendance'!ET6:ET6, "P")+COUNTIF('Detailed Attendance'!FF6:FF6, "P")+COUNTIF('Detailed Attendance'!FV6:FV6, "P")+COUNTIF('Detailed Attendance'!GD6:GD6, "P") | BG5: =COUNTIF('Detailed Attendance'!DO6:DO6, "A")+COUNTIF('Detailed Attendance'!DW6:DW6, "A")+COUNTIF('Detailed Attendance'!EL6:EL6, "A")+COUNTIF('Detailed Attendance'!ET6:ET6, "A")+COUNTIF('Detailed Attendance'!FF6:FF6, "A")+COUNTIF('Detailed Attendance'!FV6:FV6, "A")+COUNTIF('Detailed Attendance'!GD6:GD6, "A") | BH5: =IF((BF5+BG5)=0,"", BF5/(BF5+BG5)) | BI5: =AT5+AW5+AZ5+BC5+BF5 | BJ5: =AU5+AX5+BA5+BD5+BG5 | BK5: =IF((BI5+BJ5)=0,"", BI5/(BI5+BJ5)) | BL5: =COUNTIF('Detailed Attendance'!DG6:DG6, "P")+COUNTIF('Detailed Attendance'!ED6:ED6, "P")+COUNTIF('Detailed Attendance'!EX6:EX6, "P")+COUNTIF('Detailed Attendance'!FN6:FN6, "P")+COUNTIF('Detailed Attendance'!DX6:DX6, "P")+COUNTIF('Detailed Attendance'!EU6:EU6, "P")+COUNTIF('Detailed Attendance'!GE6:GE6, "P")+COUNTIF('Detailed Attendance'!DE6:DE6, "P")+COUNTIF('Detailed Attendance'!EB6:EB6, "P")+COUNTIF('Detailed Attendance'!GI6:GI6, "P") | BM5: =COUNTIF('Detailed Attendance'!DG6:DG6, "A")+COUNTIF('Detailed Attendance'!ED6:ED6, "A")+COUNTIF('Detailed Attendance'!EX6:EX6, "A")+COUNTIF('Detailed Attendance'!FN6:FN6, "A")+COUNTIF('Detailed Attendance'!DX6:DX6, "A")+COUNTIF('Detailed Attendance'!EU6:EU6, "A")+COUNTIF('Detailed Attendance'!GE6:GE6, "A")+COUNTIF('Detailed Attendance'!DE6:DE6, "A")+COUNTIF('Detailed Attendance'!EB6:EB6, "A")+COUNTIF('Detailed Attendance'!GI6:GI6, "A") | BN5: =IF((BL5+BM5)=0,"", BL5/(BL5+BM5)) | BO5: =D5+Y5+AT5 | BP5: =E5+Z5+AU5 | BQ5: =IF((BO5+BP5)=0,"", BO5/(BO5+BP5)) | BR5: =G5+AB5+AW5 | BS5: =H5+AC5+AX5 | BT5: =IF((BR5+BS5)=0,"", BR5/(BR5+BS5)) | BU5: =J5+AE5+AZ5 | BV5: =K5+AF5+BA5 | BW5: =IF((BU5+BV5)=0,"", BU5/(BU5+BV5)) | BX5: =M5+AH5+BC5 | BY5: =N5+AI5+BD5 | BZ5: =IF((BX5+BY5)=0,"", BX5/(BX5+BY5)) | CA5: =P5+AK5+BF5 | CB5: =Q5+AL5+BG5 | CC5: =IF((CA5+CB5)=0,"", CA5/(CA5+CB5)) | CD5: =S5+AN5+BI5 | CE5: =T5+AO5+BJ5 | CF5: =IF((CD5+CE5)=0,"", CD5/(CD5+CE5)) | CG5: =V5+AQ5+BL5 | CH5: =W5+AR5+BM5 | CI5: =IF((CG5+CH5)=0,"", CG5/(CG5+CH5)) | CJ5: =CD5+(CG5*2) | CK5: =CE5+(CH5*2) | CL5: =IF((CJ5+CK5)=0,"", CJ5/(CJ5+CK5)) | CM5: Batch 1
A6: 4 | B6: 325106410004 | C6: SIREESHA BADANA | D6: 0 | E6: 0 | F6: =IF((D6+E6)=0,"", D6/(D6+E6)) | G6: =COUNTIF('Detailed Attendance'!I7:I7, "P") | H6: =COUNTIF('Detailed Attendance'!I7:I7, "A") | I6: =IF((G6+H6)=0,"", G6/(G6+H6)) | J6: 0 | K6: 0 | L6: =IF((J6+K6)=0,"", J6/(J6+K6)) | M6: =COUNTIF('Detailed Attendance'!D7:D7, "P") | N6: =COUNTIF('Detailed Attendance'!D7:D7, "A") | O6: =IF((M6+N6)=0,"", M6/(M6+N6)) | P6: 0 | Q6: 0 | R6: =IF((P6+Q6)=0,"", P6/(P6+Q6)) | S6: =D6+G6+J6+M6+P6 | T6: =E6+H6+K6+N6+Q6 | U6: =IF((S6+T6)=0,"", S6/(S6+T6)) | V6: =COUNTIF('Detailed Attendance'!E7:E7, "P") | W6: =COUNTIF('Detailed Attendance'!E7:E7, "A") | X6: =IF((V6+W6)=0,"", V6/(V6+W6)) | Y6: =COUNTIF('Detailed Attendance'!R7:R7, "P")+COUNTIF('Detailed Attendance'!X7:X7, "P")+COUNTIF('Detailed Attendance'!AL7:AL7, "P")+COUNTIF('Detailed Attendance'!BF7:BF7, "P")+COUNTIF('Detailed Attendance'!BL7:BL7, "P")+COUNTIF('Detailed Attendance'!BZ7:BZ7, "P")+COUNTIF('Detailed Attendance'!CI7:CI7, "P")+COUNTIF('Detailed Attendance'!CW7:CW7, "P") | Z6: =COUNTIF('Detailed Attendance'!R7:R7, "A")+COUNTIF('Detailed Attendance'!X7:X7, "A")+COUNTIF('Detailed Attendance'!AL7:AL7, "A")+COUNTIF('Detailed Attendance'!BF7:BF7, "A")+COUNTIF('Detailed Attendance'!BL7:BL7, "A")+COUNTIF('Detailed Attendance'!BZ7:BZ7, "A")+COUNTIF('Detailed Attendance'!CI7:CI7, "A")+COUNTIF('Detailed Attendance'!CW7:CW7, "A") | AA6: =IF((Y6+Z6)=0,"", Y6/(Y6+Z6)) | AB6: =COUNTIF('Detailed Attendance'!Q7:Q7, "P")+COUNTIF('Detailed Attendance'!AC7:AC7, "P")+COUNTIF('Detailed Attendance'!AK7:AK7, "P")+COUNTIF('Detailed Attendance'!AW7:AW7, "P")+COUNTIF('Detailed Attendance'!BE7:BE7, "P")+COUNTIF('Detailed Attendance'!BQ7:BQ7, "P")+COUNTIF('Detailed Attendance'!BY7:BY7, "P")+COUNTIF('Detailed Attendance'!CN7:CN7, "P")+COUNTIF('Detailed Attendance'!CV7:CV7, "P") | AC6: =COUNTIF('Detailed Attendance'!Q7:Q7, "A")+COUNTIF('Detailed Attendance'!AC7:AC7, "A")+COUNTIF('Detailed Attendance'!AK7:AK7, "A")+COUNTIF('Detailed Attendance'!AW7:AW7, "A")+COUNTIF('Detailed Attendance'!BE7:BE7, "A")+COUNTIF('Detailed Attendance'!BQ7:BQ7, "A")+COUNTIF('Detailed Attendance'!BY7:BY7, "A")+COUNTIF('Detailed Attendance'!CN7:CN7, "A")+COUNTIF('Detailed Attendance'!CV7:CV7, "A") | AD6: =IF((AB6+AC6)=0,"", AB6/(AB6+AC6)) | AE6: =COUNTIF('Detailed Attendance'!L7:L7, "P")+COUNTIF('Detailed Attendance'!P7:P7, "P")+COUNTIF('Detailed Attendance'!AF7:AF7, "P")+COUNTIF('Detailed Attendance'!AJ7:AJ7, "P")+COUNTIF('Detailed Attendance'!AZ7:AZ7, "P")+COUNTIF('Detailed Attendance'!BD7:BD7, "P")+COUNTIF('Detailed Attendance'!BT7:BT7, "P")+COUNTIF('Detailed Attendance'!BX7:BX7, "P")+COUNTIF('Detailed Attendance'!CQ7:CQ7, "P")+COUNTIF('Detailed Attendance'!CU7:CU7, "P") | AF6: =COUNTIF('Detailed Attendance'!L7:L7, "A")+COUNTIF('Detailed Attendance'!P7:P7, "A")+COUNTIF('Detailed Attendance'!AF7:AF7, "A")+COUNTIF('Detailed Attendance'!AJ7:AJ7, "A")+COUNTIF('Detailed Attendance'!AZ7:AZ7, "A")+COUNTIF('Detailed Attendance'!BD7:BD7, "A")+COUNTIF('Detailed Attendance'!BT7:BT7, "A")+COUNTIF('Detailed Attendance'!BX7:BX7, "A")+COUNTIF('Detailed Attendance'!CQ7:CQ7, "A")+COUNTIF('Detailed Attendance'!CU7:CU7, "A") | AG6: =IF((AE6+AF6)=0,"", AE6/(AE6+AF6)) | AH6: =COUNTIF('Detailed Attendance'!T7:T7, "P")+COUNTIF('Detailed Attendance'!AN7:AN7, "P")+COUNTIF('Detailed Attendance'!AR7:AR7, "P")+COUNTIF('Detailed Attendance'!BH7:BH7, "P")+COUNTIF('Detailed Attendance'!CB7:CB7, "P")+COUNTIF('Detailed Attendance'!CF7:CF7, "P")+COUNTIF('Detailed Attendance'!CY7:CY7, "P") | AI6: =COUNTIF('Detailed Attendance'!T7:T7, "A")+COUNTIF('Detailed Attendance'!AN7:AN7, "A")+COUNTIF('Detailed Attendance'!AR7:AR7, "A")+COUNTIF('Detailed Attendance'!BH7:BH7, "A")+COUNTIF('Detailed Attendance'!CB7:CB7, "A")+COUNTIF('Detailed Attendance'!CF7:CF7, "A")+COUNTIF('Detailed Attendance'!CY7:CY7, "A") | AJ6: =IF((AH6+AI6)=0,"", AH6/(AH6+AI6)) | AK6: =COUNTIF('Detailed Attendance'!M7:M7, "P")+COUNTIF('Detailed Attendance'!U7:U7, "P")+COUNTIF('Detailed Attendance'!AG7:AG7, "P")+COUNTIF('Detailed Attendance'!AO7:AO7, "P")+COUNTIF('Detailed Attendance'!BA7:BA7, "P")+COUNTIF('Detailed Attendance'!BI7:BI7, "P")+COUNTIF('Detailed Attendance'!BU7:BU7, "P")+COUNTIF('Detailed Attendance'!CC7:CC7, "P")+COUNTIF('Detailed Attendance'!CR7:CR7, "P")+COUNTIF('Detailed Attendance'!CZ7:CZ7, "P") | AL6: =COUNTIF('Detailed Attendance'!M7:M7, "A")+COUNTIF('Detailed Attendance'!U7:U7, "A")+COUNTIF('Detailed Attendance'!AG7:AG7, "A")+COUNTIF('Detailed Attendance'!AO7:AO7, "A")+COUNTIF('Detailed Attendance'!BA7:BA7, "A")+COUNTIF('Detailed Attendance'!BI7:BI7, "A")+COUNTIF('Detailed Attendance'!BU7:BU7, "A")+COUNTIF('Detailed Attendance'!CC7:CC7, "A")+COUNTIF('Detailed Attendance'!CR7:CR7, "A")+COUNTIF('Detailed Attendance'!CZ7:CZ7, "A") | AM6: =IF((AK6+AL6)=0,"", AK6/(AK6+AL6)) | AN6: =Y6+AB6+AE6+AH6+AK6 | AO6: =Z6+AC6+AF6+AI6+AL6 | AP6: =IF((AN6+AO6)=0,"", AN6/(AN6+AO6)) | AQ6: =COUNTIF('Detailed Attendance'!Y7:Y7, "P")+COUNTIF('Detailed Attendance'!AS7:AS7, "P")+COUNTIF('Detailed Attendance'!BM7:BM7, "P")+COUNTIF('Detailed Attendance'!CJ7:CJ7, "P")+COUNTIF('Detailed Attendance'!V7:V7, "P")+COUNTIF('Detailed Attendance'!AP7:AP7, "P")+COUNTIF('Detailed Attendance'!BJ7:BJ7, "P")+COUNTIF('Detailed Attendance'!CD7:CD7, "P")+COUNTIF('Detailed Attendance'!DA7:DA7, "P")+COUNTIF('Detailed Attendance'!CH7:CH7, "P") | AR6: =COUNTIF('Detailed Attendance'!Y7:Y7, "A")+COUNTIF('Detailed Attendance'!AS7:AS7, "A")+COUNTIF('Detailed Attendance'!BM7:BM7, "A")+COUNTIF('Detailed Attendance'!CJ7:CJ7, "A")+COUNTIF('Detailed Attendance'!V7:V7, "A")+COUNTIF('Detailed Attendance'!AP7:AP7, "A")+COUNTIF('Detailed Attendance'!BJ7:BJ7, "A")+COUNTIF('Detailed Attendance'!CD7:CD7, "A")+COUNTIF('Detailed Attendance'!DA7:DA7, "A")+COUNTIF('Detailed Attendance'!CH7:CH7, "A") | AS6: =IF((AQ6+AR6)=0,"", AQ6/(AQ6+AR6)) | AT6: =COUNTIF('Detailed Attendance'!DF7:DF7, "P")+COUNTIF('Detailed Attendance'!DT7:DT7, "P")+COUNTIF('Detailed Attendance'!EC7:EC7, "P")+COUNTIF('Detailed Attendance'!EQ7:EQ7, "P")+COUNTIF('Detailed Attendance'!EW7:EW7, "P")+COUNTIF('Detailed Attendance'!FK7:FK7, "P")+COUNTIF('Detailed Attendance'!FM7:FM7, "P")+COUNTIF('Detailed Attendance'!GA7:GA7, "P") | AU6: =COUNTIF('Detailed Attendance'!DF7:DF7, "A")+COUNTIF('Detailed Attendance'!DT7:DT7, "A")+COUNTIF('Detailed Attendance'!EC7:EC7, "A")+COUNTIF('Detailed Attendance'!EQ7:EQ7, "A")+COUNTIF('Detailed Attendance'!EW7:EW7, "A")+COUNTIF('Detailed Attendance'!FK7:FK7, "A")+COUNTIF('Detailed Attendance'!FM7:FM7, "A")+COUNTIF('Detailed Attendance'!GA7:GA7, "A") | AV6: =IF((AT6+AU6)=0,"", AT6/(AT6+AU6)) | AW6: =COUNTIF('Detailed Attendance'!DK7:DK7, "P")+COUNTIF('Detailed Attendance'!DS7:DS7, "P")+COUNTIF('Detailed Attendance'!EH7:EH7, "P")+COUNTIF('Detailed Attendance'!EP7:EP7, "P")+COUNTIF('Detailed Attendance'!FB7:FB7, "P")+COUNTIF('Detailed Attendance'!FJ7:FJ7, "P")+COUNTIF('Detailed Attendance'!FR7:FR7, "P")+COUNTIF('Detailed Attendance'!FZ7:FZ7, "P") | AX6: =COUNTIF('Detailed Attendance'!DK7:DK7, "A")+COUNTIF('Detailed Attendance'!DS7:DS7, "A")+COUNTIF('Detailed Attendance'!EH7:EH7, "A")+COUNTIF('Detailed Attendance'!EP7:EP7, "A")+COUNTIF('Detailed Attendance'!FB7:FB7, "A")+COUNTIF('Detailed Attendance'!FJ7:FJ7, "A")+COUNTIF('Detailed Attendance'!FR7:FR7, "A")+COUNTIF('Detailed Attendance'!FZ7:FZ7, "A") | AY6: =IF((AW6+AX6)=0,"", AW6/(AW6+AX6)) | AZ6: =COUNTIF('Detailed Attendance'!DN7:DN7, "P")+COUNTIF('Detailed Attendance'!DR7:DR7, "P")+COUNTIF('Detailed Attendance'!EK7:EK7, "P")+COUNTIF('Detailed Attendance'!EO7:EO7, "P")+COUNTIF('Detailed Attendance'!FE7:FE7, "P")+COUNTIF('Detailed Attendance'!FI7:FI7, "P")+COUNTIF('Detailed Attendance'!FU7:FU7, "P")+COUNTIF('Detailed Attendance'!FY7:FY7, "P") | BA6: =COUNTIF('Detailed Attendance'!DN7:DN7, "A")+COUNTIF('Detailed Attendance'!DR7:DR7, "A")+COUNTIF('Detailed Attendance'!EK7:EK7, "A")+COUNTIF('Detailed Attendance'!EO7:EO7, "A")+COUNTIF('Detailed Attendance'!FE7:FE7, "A")+COUNTIF('Detailed Attendance'!FI7:FI7, "A")+COUNTIF('Detailed Attendance'!FU7:FU7, "A")+COUNTIF('Detailed Attendance'!FY7:FY7, "A") | BB6: =IF((AZ6+BA6)=0,"", AZ6/(AZ6+BA6)) | BC6: =COUNTIF('Detailed Attendance'!DC7:DC7, "P")+COUNTIF('Detailed Attendance'!DV7:DV7, "P")+COUNTIF('Detailed Attendance'!DZ7:DZ7, "P")+COUNTIF('Detailed Attendance'!ES7:ES7, "P")+COUNTIF('Detailed Attendance'!GC7:GC7, "P")+COUNTIF('Detailed Attendance'!GG7:GG7, "P") | BD6: =COUNTIF('Detailed Attendance'!DC7:DC7, "A")+COUNTIF('Detailed Attendance'!DV7:DV7, "A")+COUNTIF('Detailed Attendance'!DZ7:DZ7, "A")+COUNTIF('Detailed Attendance'!ES7:ES7, "A")+COUNTIF('Detailed Attendance'!GC7:GC7, "A")+COUNTIF('Detailed Attendance'!GG7:GG7, "A") | BE6: =IF((BC6+BD6)=0,"", BC6/(BC6+BD6)) | BF6: =COUNTIF('Detailed Attendance'!DO7:DO7, "P")+COUNTIF('Detailed Attendance'!DW7:DW7, "P")+COUNTIF('Detailed Attendance'!EL7:EL7, "P")+COUNTIF('Detailed Attendance'!ET7:ET7, "P")+COUNTIF('Detailed Attendance'!FF7:FF7, "P")+COUNTIF('Detailed Attendance'!FV7:FV7, "P")+COUNTIF('Detailed Attendance'!GD7:GD7, "P") | BG6: =COUNTIF('Detailed Attendance'!DO7:DO7, "A")+COUNTIF('Detailed Attendance'!DW7:DW7, "A")+COUNTIF('Detailed Attendance'!EL7:EL7, "A")+COUNTIF('Detailed Attendance'!ET7:ET7, "A")+COUNTIF('Detailed Attendance'!FF7:FF7, "A")+COUNTIF('Detailed Attendance'!FV7:FV7, "A")+COUNTIF('Detailed Attendance'!GD7:GD7, "A") | BH6: =IF((BF6+BG6)=0,"", BF6/(BF6+BG6)) | BI6: =AT6+AW6+AZ6+BC6+BF6 | BJ6: =AU6+AX6+BA6+BD6+BG6 | BK6: =IF((BI6+BJ6)=0,"", BI6/(BI6+BJ6)) | BL6: =COUNTIF('Detailed Attendance'!DG7:DG7, "P")+COUNTIF('Detailed Attendance'!ED7:ED7, "P")+COUNTIF('Detailed Attendance'!EX7:EX7, "P")+COUNTIF('Detailed Attendance'!FN7:FN7, "P")+COUNTIF('Detailed Attendance'!DX7:DX7, "P")+COUNTIF('Detailed Attendance'!EU7:EU7, "P")+COUNTIF('Detailed Attendance'!GE7:GE7, "P")+COUNTIF('Detailed Attendance'!DE7:DE7, "P")+COUNTIF('Detailed Attendance'!EB7:EB7, "P")+COUNTIF('Detailed Attendance'!GI7:GI7, "P") | BM6: =COUNTIF('Detailed Attendance'!DG7:DG7, "A")+COUNTIF('Detailed Attendance'!ED7:ED7, "A")+COUNTIF('Detailed Attendance'!EX7:EX7, "A")+COUNTIF('Detailed Attendance'!FN7:FN7, "A")+COUNTIF('Detailed Attendance'!DX7:DX7, "A")+COUNTIF('Detailed Attendance'!EU7:EU7, "A")+COUNTIF('Detailed Attendance'!GE7:GE7, "A")+COUNTIF('Detailed Attendance'!DE7:DE7, "A")+COUNTIF('Detailed Attendance'!EB7:EB7, "A")+COUNTIF('Detailed Attendance'!GI7:GI7, "A") | BN6: =IF((BL6+BM6)=0,"", BL6/(BL6+BM6)) | BO6: =D6+Y6+AT6 | BP6: =E6+Z6+AU6 | BQ6: =IF((BO6+BP6)=0,"", BO6/(BO6+BP6)) | BR6: =G6+AB6+AW6 | BS6: =H6+AC6+AX6 | BT6: =IF((BR6+BS6)=0,"", BR6/(BR6+BS6)) | BU6: =J6+AE6+AZ6 | BV6: =K6+AF6+BA6 | BW6: =IF((BU6+BV6)=0,"", BU6/(BU6+BV6)) | BX6: =M6+AH6+BC6 | BY6: =N6+AI6+BD6 | BZ6: =IF((BX6+BY6)=0,"", BX6/(BX6+BY6)) | CA6: =P6+AK6+BF6 | CB6: =Q6+AL6+BG6 | CC6: =IF((CA6+CB6)=0,"", CA6/(CA6+CB6)) | CD6: =S6+AN6+BI6 | CE6: =T6+AO6+BJ6 | CF6: =IF((CD6+CE6)=0,"", CD6/(CD6+CE6)) | CG6: =V6+AQ6+BL6 | CH6: =W6+AR6+BM6 | CI6: =IF((CG6+CH6)=0,"", CG6/(CG6+CH6)) | CJ6: =CD6+(CG6*2) | CK6: =CE6+(CH6*2) | CL6: =IF((CJ6+CK6)=0,"", CJ6/(CJ6+CK6)) | CM6: Batch 1
A7: 5 | B7: 325106410005 | C7: LAKSHMANA KUMAR BATHULA | D7: 0 | E7: 0 | F7: =IF((D7+E7)=0,"", D7/(D7+E7)) | G7: =COUNTIF('Detailed Attendance'!I8:I8, "P") | H7: =COUNTIF('Detailed Attendance'!I8:I8, "A") | I7: =IF((G7+H7)=0,"", G7/(G7+H7)) | J7: 0 | K7: 0 | L7: =IF((J7+K7)=0,"", J7/(J7+K7)) | M7: =COUNTIF('Detailed Attendance'!D8:D8, "P") | N7: =COUNTIF('Detailed Attendance'!D8:D8, "A") | O7: =IF((M7+N7)=0,"", M7/(M7+N7)) | P7: 0 | Q7: 0 | R7: =IF((P7+Q7)=0,"", P7/(P7+Q7)) | S7: =D7+G7+J7+M7+P7 | T7: =E7+H7+K7+N7+Q7 | U7: =IF((S7+T7)=0,"", S7/(S7+T7)) | V7: =COUNTIF('Detailed Attendance'!E8:E8, "P") | W7: =COUNTIF('Detailed Attendance'!E8:E8, "A") | X7: =IF((V7+W7)=0,"", V7/(V7+W7)) | Y7: =COUNTIF('Detailed Attendance'!R8:R8, "P")+COUNTIF('Detailed Attendance'!X8:X8, "P")+COUNTIF('Detailed Attendance'!AL8:AL8, "P")+COUNTIF('Detailed Attendance'!BF8:BF8, "P")+COUNTIF('Detailed Attendance'!BL8:BL8, "P")+COUNTIF('Detailed Attendance'!BZ8:BZ8, "P")+COUNTIF('Detailed Attendance'!CI8:CI8, "P")+COUNTIF('Detailed Attendance'!CW8:CW8, "P") | Z7: =COUNTIF('Detailed Attendance'!R8:R8, "A")+COUNTIF('Detailed Attendance'!X8:X8, "A")+COUNTIF('Detailed Attendance'!AL8:AL8, "A")+COUNTIF('Detailed Attendance'!BF8:BF8, "A")+COUNTIF('Detailed Attendance'!BL8:BL8, "A")+COUNTIF('Detailed Attendance'!BZ8:BZ8, "A")+COUNTIF('Detailed Attendance'!CI8:CI8, "A")+COUNTIF('Detailed Attendance'!CW8:CW8, "A") | AA7: =IF((Y7+Z7)=0,"", Y7/(Y7+Z7)) | AB7: =COUNTIF('Detailed Attendance'!Q8:Q8, "P")+COUNTIF('Detailed Attendance'!AC8:AC8, "P")+COUNTIF('Detailed Attendance'!AK8:AK8, "P")+COUNTIF('Detailed Attendance'!AW8:AW8, "P")+COUNTIF('Detailed Attendance'!BE8:BE8, "P")+COUNTIF('Detailed Attendance'!BQ8:BQ8, "P")+COUNTIF('Detailed Attendance'!BY8:BY8, "P")+COUNTIF('Detailed Attendance'!CN8:CN8, "P")+COUNTIF('Detailed Attendance'!CV8:CV8, "P") | AC7: =COUNTIF('Detailed Attendance'!Q8:Q8, "A")+COUNTIF('Detailed Attendance'!AC8:AC8, "A")+COUNTIF('Detailed Attendance'!AK8:AK8, "A")+COUNTIF('Detailed Attendance'!AW8:AW8, "A")+COUNTIF('Detailed Attendance'!BE8:BE8, "A")+COUNTIF('Detailed Attendance'!BQ8:BQ8, "A")+COUNTIF('Detailed Attendance'!BY8:BY8, "A")+COUNTIF('Detailed Attendance'!CN8:CN8, "A")+COUNTIF('Detailed Attendance'!CV8:CV8, "A") | AD7: =IF((AB7+AC7)=0,"", AB7/(AB7+AC7)) | AE7: =COUNTIF('Detailed Attendance'!L8:L8, "P")+COUNTIF('Detailed Attendance'!P8:P8, "P")+COUNTIF('Detailed Attendance'!AF8:AF8, "P")+COUNTIF('Detailed Attendance'!AJ8:AJ8, "P")+COUNTIF('Detailed Attendance'!AZ8:AZ8, "P")+COUNTIF('Detailed Attendance'!BD8:BD8, "P")+COUNTIF('Detailed Attendance'!BT8:BT8, "P")+COUNTIF('Detailed Attendance'!BX8:BX8, "P")+COUNTIF('Detailed Attendance'!CQ8:CQ8, "P")+COUNTIF('Detailed Attendance'!CU8:CU8, "P") | AF7: =COUNTIF('Detailed Attendance'!L8:L8, "A")+COUNTIF('Detailed Attendance'!P8:P8, "A")+COUNTIF('Detailed Attendance'!AF8:AF8, "A")+COUNTIF('Detailed Attendance'!AJ8:AJ8, "A")+COUNTIF('Detailed Attendance'!AZ8:AZ8, "A")+COUNTIF('Detailed Attendance'!BD8:BD8, "A")+COUNTIF('Detailed Attendance'!BT8:BT8, "A")+COUNTIF('Detailed Attendance'!BX8:BX8, "A")+COUNTIF('Detailed Attendance'!CQ8:CQ8, "A")+COUNTIF('Detailed Attendance'!CU8:CU8, "A") | AG7: =IF((AE7+AF7)=0,"", AE7/(AE7+AF7)) | AH7: =COUNTIF('Detailed Attendance'!T8:T8, "P")+COUNTIF('Detailed Attendance'!AN8:AN8, "P")+COUNTIF('Detailed Attendance'!AR8:AR8, "P")+COUNTIF('Detailed Attendance'!BH8:BH8, "P")+COUNTIF('Detailed Attendance'!CB8:CB8, "P")+COUNTIF('Detailed Attendance'!CF8:CF8, "P")+COUNTIF('Detailed Attendance'!CY8:CY8, "P") | AI7: =COUNTIF('Detailed Attendance'!T8:T8, "A")+COUNTIF('Detailed Attendance'!AN8:AN8, "A")+COUNTIF('Detailed Attendance'!AR8:AR8, "A")+COUNTIF('Detailed Attendance'!BH8:BH8, "A")+COUNTIF('Detailed Attendance'!CB8:CB8, "A")+COUNTIF('Detailed Attendance'!CF8:CF8, "A")+COUNTIF('Detailed Attendance'!CY8:CY8, "A") | AJ7: =IF((AH7+AI7)=0,"", AH7/(AH7+AI7)) | AK7: =COUNTIF('Detailed Attendance'!M8:M8, "P")+COUNTIF('Detailed Attendance'!U8:U8, "P")+COUNTIF('Detailed Attendance'!AG8:AG8, "P")+COUNTIF('Detailed Attendance'!AO8:AO8, "P")+COUNTIF('Detailed Attendance'!BA8:BA8, "P")+COUNTIF('Detailed Attendance'!BI8:BI8, "P")+COUNTIF('Detailed Attendance'!BU8:BU8, "P")+COUNTIF('Detailed Attendance'!CC8:CC8, "P")+COUNTIF('Detailed Attendance'!CR8:CR8, "P")+COUNTIF('Detailed Attendance'!CZ8:CZ8, "P") | AL7: =COUNTIF('Detailed Attendance'!M8:M8, "A")+COUNTIF('Detailed Attendance'!U8:U8, "A")+COUNTIF('Detailed Attendance'!AG8:AG8, "A")+COUNTIF('Detailed Attendance'!AO8:AO8, "A")+COUNTIF('Detailed Attendance'!BA8:BA8, "A")+COUNTIF('Detailed Attendance'!BI8:BI8, "A")+COUNTIF('Detailed Attendance'!BU8:BU8, "A")+COUNTIF('Detailed Attendance'!CC8:CC8, "A")+COUNTIF('Detailed Attendance'!CR8:CR8, "A")+COUNTIF('Detailed Attendance'!CZ8:CZ8, "A") | AM7: =IF((AK7+AL7)=0,"", AK7/(AK7+AL7)) | AN7: =Y7+AB7+AE7+AH7+AK7 | AO7: =Z7+AC7+AF7+AI7+AL7 | AP7: =IF((AN7+AO7)=0,"", AN7/(AN7+AO7)) | AQ7: =COUNTIF('Detailed Attendance'!Y8:Y8, "P")+COUNTIF('Detailed Attendance'!AS8:AS8, "P")+COUNTIF('Detailed Attendance'!BM8:BM8, "P")+COUNTIF('Detailed Attendance'!CJ8:CJ8, "P")+COUNTIF('Detailed Attendance'!V8:V8, "P")+COUNTIF('Detailed Attendance'!AP8:AP8, "P")+COUNTIF('Detailed Attendance'!BJ8:BJ8, "P")+COUNTIF('Detailed Attendance'!CD8:CD8, "P")+COUNTIF('Detailed Attendance'!DA8:DA8, "P")+COUNTIF('Detailed Attendance'!CH8:CH8, "P") | AR7: =COUNTIF('Detailed Attendance'!Y8:Y8, "A")+COUNTIF('Detailed Attendance'!AS8:AS8, "A")+COUNTIF('Detailed Attendance'!BM8:BM8, "A")+COUNTIF('Detailed Attendance'!CJ8:CJ8, "A")+COUNTIF('Detailed Attendance'!V8:V8, "A")+COUNTIF('Detailed Attendance'!AP8:AP8, "A")+COUNTIF('Detailed Attendance'!BJ8:BJ8, "A")+COUNTIF('Detailed Attendance'!CD8:CD8, "A")+COUNTIF('Detailed Attendance'!DA8:DA8, "A")+COUNTIF('Detailed Attendance'!CH8:CH8, "A") | AS7: =IF((AQ7+AR7)=0,"", AQ7/(AQ7+AR7)) | AT7: =COUNTIF('Detailed Attendance'!DF8:DF8, "P")+COUNTIF('Detailed Attendance'!DT8:DT8, "P")+COUNTIF('Detailed Attendance'!EC8:EC8, "P")+COUNTIF('Detailed Attendance'!EQ8:EQ8, "P")+COUNTIF('Detailed Attendance'!EW8:EW8, "P")+COUNTIF('Detailed Attendance'!FK8:FK8, "P")+COUNTIF('Detailed Attendance'!FM8:FM8, "P")+COUNTIF('Detailed Attendance'!GA8:GA8, "P") | AU7: =COUNTIF('Detailed Attendance'!DF8:DF8, "A")+COUNTIF('Detailed Attendance'!DT8:DT8, "A")+COUNTIF('Detailed Attendance'!EC8:EC8, "A")+COUNTIF('Detailed Attendance'!EQ8:EQ8, "A")+COUNTIF('Detailed Attendance'!EW8:EW8, "A")+COUNTIF('Detailed Attendance'!FK8:FK8, "A")+COUNTIF('Detailed Attendance'!FM8:FM8, "A")+COUNTIF('Detailed Attendance'!GA8:GA8, "A") | AV7: =IF((AT7+AU7)=0,"", AT7/(AT7+AU7)) | AW7: =COUNTIF('Detailed Attendance'!DK8:DK8, "P")+COUNTIF('Detailed Attendance'!DS8:DS8, "P")+COUNTIF('Detailed Attendance'!EH8:EH8, "P")+COUNTIF('Detailed Attendance'!EP8:EP8, "P")+COUNTIF('Detailed Attendance'!FB8:FB8, "P")+COUNTIF('Detailed Attendance'!FJ8:FJ8, "P")+COUNTIF('Detailed Attendance'!FR8:FR8, "P")+COUNTIF('Detailed Attendance'!FZ8:FZ8, "P") | AX7: =COUNTIF('Detailed Attendance'!DK8:DK8, "A")+COUNTIF('Detailed Attendance'!DS8:DS8, "A")+COUNTIF('Detailed Attendance'!EH8:EH8, "A")+COUNTIF('Detailed Attendance'!EP8:EP8, "A")+COUNTIF('Detailed Attendance'!FB8:FB8, "A")+COUNTIF('Detailed Attendance'!FJ8:FJ8, "A")+COUNTIF('Detailed Attendance'!FR8:FR8, "A")+COUNTIF('Detailed Attendance'!FZ8:FZ8, "A") | AY7: =IF((AW7+AX7)=0,"", AW7/(AW7+AX7)) | AZ7: =COUNTIF('Detailed Attendance'!DN8:DN8, "P")+COUNTIF('Detailed Attendance'!DR8:DR8, "P")+COUNTIF('Detailed Attendance'!EK8:EK8, "P")+COUNTIF('Detailed Attendance'!EO8:EO8, "P")+COUNTIF('Detailed Attendance'!FE8:FE8, "P")+COUNTIF('Detailed Attendance'!FI8:FI8, "P")+COUNTIF('Detailed Attendance'!FU8:FU8, "P")+COUNTIF('Detailed Attendance'!FY8:FY8, "P") | BA7: =COUNTIF('Detailed Attendance'!DN8:DN8, "A")+COUNTIF('Detailed Attendance'!DR8:DR8, "A")+COUNTIF('Detailed Attendance'!EK8:EK8, "A")+COUNTIF('Detailed Attendance'!EO8:EO8, "A")+COUNTIF('Detailed Attendance'!FE8:FE8, "A")+COUNTIF('Detailed Attendance'!FI8:FI8, "A")+COUNTIF('Detailed Attendance'!FU8:FU8, "A")+COUNTIF('Detailed Attendance'!FY8:FY8, "A") | BB7: =IF((AZ7+BA7)=0,"", AZ7/(AZ7+BA7)) | BC7: =COUNTIF('Detailed Attendance'!DC8:DC8, "P")+COUNTIF('Detailed Attendance'!DV8:DV8, "P")+COUNTIF('Detailed Attendance'!DZ8:DZ8, "P")+COUNTIF('Detailed Attendance'!ES8:ES8, "P")+COUNTIF('Detailed Attendance'!GC8:GC8, "P")+COUNTIF('Detailed Attendance'!GG8:GG8, "P") | BD7: =COUNTIF('Detailed Attendance'!DC8:DC8, "A")+COUNTIF('Detailed Attendance'!DV8:DV8, "A")+COUNTIF('Detailed Attendance'!DZ8:DZ8, "A")+COUNTIF('Detailed Attendance'!ES8:ES8, "A")+COUNTIF('Detailed Attendance'!GC8:GC8, "A")+COUNTIF('Detailed Attendance'!GG8:GG8, "A") | BE7: =IF((BC7+BD7)=0,"", BC7/(BC7+BD7)) | BF7: =COUNTIF('Detailed Attendance'!DO8:DO8, "P")+COUNTIF('Detailed Attendance'!DW8:DW8, "P")+COUNTIF('Detailed Attendance'!EL8:EL8, "P")+COUNTIF('Detailed Attendance'!ET8:ET8, "P")+COUNTIF('Detailed Attendance'!FF8:FF8, "P")+COUNTIF('Detailed Attendance'!FV8:FV8, "P")+COUNTIF('Detailed Attendance'!GD8:GD8, "P") | BG7: =COUNTIF('Detailed Attendance'!DO8:DO8, "A")+COUNTIF('Detailed Attendance'!DW8:DW8, "A")+COUNTIF('Detailed Attendance'!EL8:EL8, "A")+COUNTIF('Detailed Attendance'!ET8:ET8, "A")+COUNTIF('Detailed Attendance'!FF8:FF8, "A")+COUNTIF('Detailed Attendance'!FV8:FV8, "A")+COUNTIF('Detailed Attendance'!GD8:GD8, "A") | BH7: =IF((BF7+BG7)=0,"", BF7/(BF7+BG7)) | BI7: =AT7+AW7+AZ7+BC7+BF7 | BJ7: =AU7+AX7+BA7+BD7+BG7 | BK7: =IF((BI7+BJ7)=0,"", BI7/(BI7+BJ7)) | BL7: =COUNTIF('Detailed Attendance'!DG8:DG8, "P")+COUNTIF('Detailed Attendance'!ED8:ED8, "P")+COUNTIF('Detailed Attendance'!EX8:EX8, "P")+COUNTIF('Detailed Attendance'!FN8:FN8, "P")+COUNTIF('Detailed Attendance'!DX8:DX8, "P")+COUNTIF('Detailed Attendance'!EU8:EU8, "P")+COUNTIF('Detailed Attendance'!GE8:GE8, "P")+COUNTIF('Detailed Attendance'!DE8:DE8, "P")+COUNTIF('Detailed Attendance'!EB8:EB8, "P")+COUNTIF('Detailed Attendance'!GI8:GI8, "P") | BM7: =COUNTIF('Detailed Attendance'!DG8:DG8, "A")+COUNTIF('Detailed Attendance'!ED8:ED8, "A")+COUNTIF('Detailed Attendance'!EX8:EX8, "A")+COUNTIF('Detailed Attendance'!FN8:FN8, "A")+COUNTIF('Detailed Attendance'!DX8:DX8, "A")+COUNTIF('Detailed Attendance'!EU8:EU8, "A")+COUNTIF('Detailed Attendance'!GE8:GE8, "A")+COUNTIF('Detailed Attendance'!DE8:DE8, "A")+COUNTIF('Detailed Attendance'!EB8:EB8, "A")+COUNTIF('Detailed Attendance'!GI8:GI8, "A") | BN7: =IF((BL7+BM7)=0,"", BL7/(BL7+BM7)) | BO7: =D7+Y7+AT7 | BP7: =E7+Z7+AU7 | BQ7: =IF((BO7+BP7)=0,"", BO7/(BO7+BP7)) | BR7: =G7+AB7+AW7 | BS7: =H7+AC7+AX7 | BT7: =IF((BR7+BS7)=0,"", BR7/(BR7+BS7)) | BU7: =J7+AE7+AZ7 | BV7: =K7+AF7+BA7 | BW7: =IF((BU7+BV7)=0,"", BU7/(BU7+BV7)) | BX7: =M7+AH7+BC7 | BY7: =N7+AI7+BD7 | BZ7: =IF((BX7+BY7)=0,"", BX7/(BX7+BY7)) | CA7: =P7+AK7+BF7 | CB7: =Q7+AL7+BG7 | CC7: =IF((CA7+CB7)=0,"", CA7/(CA7+CB7)) | CD7: =S7+AN7+BI7 | CE7: =T7+AO7+BJ7 | CF7: =IF((CD7+CE7)=0,"", CD7/(CD7+CE7)) | CG7: =V7+AQ7+BL7 | CH7: =W7+AR7+BM7 | CI7: =IF((CG7+CH7)=0,"", CG7/(CG7+CH7)) | CJ7: =CD7+(CG7*2) | CK7: =CE7+(CH7*2) | CL7: =IF((CJ7+CK7)=0,"", CJ7/(CJ7+CK7)) | CM7: Batch 1
A8: 6 | B8: 325106410006 | C8: PADMA KUMARI CHIKKALA | D8: 0 | E8: 0 | F8: =IF((D8+E8)=0,"", D8/(D8+E8)) | G8: =COUNTIF('Detailed Attendance'!I9:I9, "P") | H8: =COUNTIF('Detailed Attendance'!I9:I9, "A") | I8: =IF((G8+H8)=0,"", G8/(G8+H8)) | J8: 0 | K8: 0 | L8: =IF((J8+K8)=0,"", J8/(J8+K8)) | M8: =COUNTIF('Detailed Attendance'!D9:D9, "P") | N8: =COUNTIF('Detailed Attendance'!D9:D9, "A") | O8: =IF((M8+N8)=0,"", M8/(M8+N8)) | P8: 0 | Q8: 0 | R8: =IF((P8+Q8)=0,"", P8/(P8+Q8)) | S8: =D8+G8+J8+M8+P8 | T8: =E8+H8+K8+N8+Q8 | U8: =IF((S8+T8)=0,"", S8/(S8+T8)) | V8: =COUNTIF('Detailed Attendance'!E9:E9, "P") | W8: =COUNTIF('Detailed Attendance'!E9:E9, "A") | X8: =IF((V8+W8)=0,"", V8/(V8+W8)) | Y8: =COUNTIF('Detailed Attendance'!R9:R9, "P")+COUNTIF('Detailed Attendance'!X9:X9, "P")+COUNTIF('Detailed Attendance'!AL9:AL9, "P")+COUNTIF('Detailed Attendance'!BF9:BF9, "P")+COUNTIF('Detailed Attendance'!BL9:BL9, "P")+COUNTIF('Detailed Attendance'!BZ9:BZ9, "P")+COUNTIF('Detailed Attendance'!CI9:CI9, "P")+COUNTIF('Detailed Attendance'!CW9:CW9, "P") | Z8: =COUNTIF('Detailed Attendance'!R9:R9, "A")+COUNTIF('Detailed Attendance'!X9:X9, "A")+COUNTIF('Detailed Attendance'!AL9:AL9, "A")+COUNTIF('Detailed Attendance'!BF9:BF9, "A")+COUNTIF('Detailed Attendance'!BL9:BL9, "A")+COUNTIF('Detailed Attendance'!BZ9:BZ9, "A")+COUNTIF('Detailed Attendance'!CI9:CI9, "A")+COUNTIF('Detailed Attendance'!CW9:CW9, "A") | AA8: =IF((Y8+Z8)=0,"", Y8/(Y8+Z8)) | AB8: =COUNTIF('Detailed Attendance'!Q9:Q9, "P")+COUNTIF('Detailed Attendance'!AC9:AC9, "P")+COUNTIF('Detailed Attendance'!AK9:AK9, "P")+COUNTIF('Detailed Attendance'!AW9:AW9, "P")+COUNTIF('Detailed Attendance'!BE9:BE9, "P")+COUNTIF('Detailed Attendance'!BQ9:BQ9, "P")+COUNTIF('Detailed Attendance'!BY9:BY9, "P")+COUNTIF('Detailed Attendance'!CN9:CN9, "P")+COUNTIF('Detailed Attendance'!CV9:CV9, "P") | AC8: =COUNTIF('Detailed Attendance'!Q9:Q9, "A")+COUNTIF('Detailed Attendance'!AC9:AC9, "A")+COUNTIF('Detailed Attendance'!AK9:AK9, "A")+COUNTIF('Detailed Attendance'!AW9:AW9, "A")+COUNTIF('Detailed Attendance'!BE9:BE9, "A")+COUNTIF('Detailed Attendance'!BQ9:BQ9, "A")+COUNTIF('Detailed Attendance'!BY9:BY9, "A")+COUNTIF('Detailed Attendance'!CN9:CN9, "A")+COUNTIF('Detailed Attendance'!CV9:CV9, "A") | AD8: =IF((AB8+AC8)=0,"", AB8/(AB8+AC8)) | AE8: =COUNTIF('Detailed Attendance'!L9:L9, "P")+COUNTIF('Detailed Attendance'!P9:P9, "P")+COUNTIF('Detailed Attendance'!AF9:AF9, "P")+COUNTIF('Detailed Attendance'!AJ9:AJ9, "P")+COUNTIF('Detailed Attendance'!AZ9:AZ9, "P")+COUNTIF('Detailed Attendance'!BD9:BD9, "P")+COUNTIF('Detailed Attendance'!BT9:BT9, "P")+COUNTIF('Detailed Attendance'!BX9:BX9, "P")+COUNTIF('Detailed Attendance'!CQ9:CQ9, "P")+COUNTIF('Detailed Attendance'!CU9:CU9, "P") | AF8: =COUNTIF('Detailed Attendance'!L9:L9, "A")+COUNTIF('Detailed Attendance'!P9:P9, "A")+COUNTIF('Detailed Attendance'!AF9:AF9, "A")+COUNTIF('Detailed Attendance'!AJ9:AJ9, "A")+COUNTIF('Detailed Attendance'!AZ9:AZ9, "A")+COUNTIF('Detailed Attendance'!BD9:BD9, "A")+COUNTIF('Detailed Attendance'!BT9:BT9, "A")+COUNTIF('Detailed Attendance'!BX9:BX9, "A")+COUNTIF('Detailed Attendance'!CQ9:CQ9, "A")+COUNTIF('Detailed Attendance'!CU9:CU9, "A") | AG8: =IF((AE8+AF8)=0,"", AE8/(AE8+AF8)) | AH8: =COUNTIF('Detailed Attendance'!T9:T9, "P")+COUNTIF('Detailed Attendance'!AN9:AN9, "P")+COUNTIF('Detailed Attendance'!AR9:AR9, "P")+COUNTIF('Detailed Attendance'!BH9:BH9, "P")+COUNTIF('Detailed Attendance'!CB9:CB9, "P")+COUNTIF('Detailed Attendance'!CF9:CF9, "P")+COUNTIF('Detailed Attendance'!CY9:CY9, "P") | AI8: =COUNTIF('Detailed Attendance'!T9:T9, "A")+COUNTIF('Detailed Attendance'!AN9:AN9, "A")+COUNTIF('Detailed Attendance'!AR9:AR9, "A")+COUNTIF('Detailed Attendance'!BH9:BH9, "A")+COUNTIF('Detailed Attendance'!CB9:CB9, "A")+COUNTIF('Detailed Attendance'!CF9:CF9, "A")+COUNTIF('Detailed Attendance'!CY9:CY9, "A") | AJ8: =IF((AH8+AI8)=0,"", AH8/(AH8+AI8)) | AK8: =COUNTIF('Detailed Attendance'!M9:M9, "P")+COUNTIF('Detailed Attendance'!U9:U9, "P")+COUNTIF('Detailed Attendance'!AG9:AG9, "P")+COUNTIF('Detailed Attendance'!AO9:AO9, "P")+COUNTIF('Detailed Attendance'!BA9:BA9, "P")+COUNTIF('Detailed Attendance'!BI9:BI9, "P")+COUNTIF('Detailed Attendance'!BU9:BU9, "P")+COUNTIF('Detailed Attendance'!CC9:CC9, "P")+COUNTIF('Detailed Attendance'!CR9:CR9, "P")+COUNTIF('Detailed Attendance'!CZ9:CZ9, "P") | AL8: =COUNTIF('Detailed Attendance'!M9:M9, "A")+COUNTIF('Detailed Attendance'!U9:U9, "A")+COUNTIF('Detailed Attendance'!AG9:AG9, "A")+COUNTIF('Detailed Attendance'!AO9:AO9, "A")+COUNTIF('Detailed Attendance'!BA9:BA9, "A")+COUNTIF('Detailed Attendance'!BI9:BI9, "A")+COUNTIF('Detailed Attendance'!BU9:BU9, "A")+COUNTIF('Detailed Attendance'!CC9:CC9, "A")+COUNTIF('Detailed Attendance'!CR9:CR9, "A")+COUNTIF('Detailed Attendance'!CZ9:CZ9, "A") | AM8: =IF((AK8+AL8)=0,"", AK8/(AK8+AL8)) | AN8: =Y8+AB8+AE8+AH8+AK8 | AO8: =Z8+AC8+AF8+AI8+AL8 | AP8: =IF((AN8+AO8)=0,"", AN8/(AN8+AO8)) | AQ8: =COUNTIF('Detailed Attendance'!Y9:Y9, "P")+COUNTIF('Detailed Attendance'!AS9:AS9, "P")+COUNTIF('Detailed Attendance'!BM9:BM9, "P")+COUNTIF('Detailed Attendance'!CJ9:CJ9, "P")+COUNTIF('Detailed Attendance'!V9:V9, "P")+COUNTIF('Detailed Attendance'!AP9:AP9, "P")+COUNTIF('Detailed Attendance'!BJ9:BJ9, "P")+COUNTIF('Detailed Attendance'!CD9:CD9, "P")+COUNTIF('Detailed Attendance'!DA9:DA9, "P")+COUNTIF('Detailed Attendance'!CH9:CH9, "P") | AR8: =COUNTIF('Detailed Attendance'!Y9:Y9, "A")+COUNTIF('Detailed Attendance'!AS9:AS9, "A")+COUNTIF('Detailed Attendance'!BM9:BM9, "A")+COUNTIF('Detailed Attendance'!CJ9:CJ9, "A")+COUNTIF('Detailed Attendance'!V9:V9, "A")+COUNTIF('Detailed Attendance'!AP9:AP9, "A")+COUNTIF('Detailed Attendance'!BJ9:BJ9, "A")+COUNTIF('Detailed Attendance'!CD9:CD9, "A")+COUNTIF('Detailed Attendance'!DA9:DA9, "A")+COUNTIF('Detailed Attendance'!CH9:CH9, "A") | AS8: =IF((AQ8+AR8)=0,"", AQ8/(AQ8+AR8)) | AT8: =COUNTIF('Detailed Attendance'!DF9:DF9, "P")+COUNTIF('Detailed Attendance'!DT9:DT9, "P")+COUNTIF('Detailed Attendance'!EC9:EC9, "P")+COUNTIF('Detailed Attendance'!EQ9:EQ9, "P")+COUNTIF('Detailed Attendance'!EW9:EW9, "P")+COUNTIF('Detailed Attendance'!FK9:FK9, "P")+COUNTIF('Detailed Attendance'!FM9:FM9, "P")+COUNTIF('Detailed Attendance'!GA9:GA9, "P") | AU8: =COUNTIF('Detailed Attendance'!DF9:DF9, "A")+COUNTIF('Detailed Attendance'!DT9:DT9, "A")+COUNTIF('Detailed Attendance'!EC9:EC9, "A")+COUNTIF('Detailed Attendance'!EQ9:EQ9, "A")+COUNTIF('Detailed Attendance'!EW9:EW9, "A")+COUNTIF('Detailed Attendance'!FK9:FK9, "A")+COUNTIF('Detailed Attendance'!FM9:FM9, "A")+COUNTIF('Detailed Attendance'!GA9:GA9, "A") | AV8: =IF((AT8+AU8)=0,"", AT8/(AT8+AU8)) | AW8: =COUNTIF('Detailed Attendance'!DK9:DK9, "P")+COUNTIF('Detailed Attendance'!DS9:DS9, "P")+COUNTIF('Detailed Attendance'!EH9:EH9, "P")+COUNTIF('Detailed Attendance'!EP9:EP9, "P")+COUNTIF('Detailed Attendance'!FB9:FB9, "P")+COUNTIF('Detailed Attendance'!FJ9:FJ9, "P")+COUNTIF('Detailed Attendance'!FR9:FR9, "P")+COUNTIF('Detailed Attendance'!FZ9:FZ9, "P") | AX8: =COUNTIF('Detailed Attendance'!DK9:DK9, "A")+COUNTIF('Detailed Attendance'!DS9:DS9, "A")+COUNTIF('Detailed Attendance'!EH9:EH9, "A")+COUNTIF('Detailed Attendance'!EP9:EP9, "A")+COUNTIF('Detailed Attendance'!FB9:FB9, "A")+COUNTIF('Detailed Attendance'!FJ9:FJ9, "A")+COUNTIF('Detailed Attendance'!FR9:FR9, "A")+COUNTIF('Detailed Attendance'!FZ9:FZ9, "A") | AY8: =IF((AW8+AX8)=0,"", AW8/(AW8+AX8)) | AZ8: =COUNTIF('Detailed Attendance'!DN9:DN9, "P")+COUNTIF('Detailed Attendance'!DR9:DR9, "P")+COUNTIF('Detailed Attendance'!EK9:EK9, "P")+COUNTIF('Detailed Attendance'!EO9:EO9, "P")+COUNTIF('Detailed Attendance'!FE9:FE9, "P")+COUNTIF('Detailed Attendance'!FI9:FI9, "P")+COUNTIF('Detailed Attendance'!FU9:FU9, "P")+COUNTIF('Detailed Attendance'!FY9:FY9, "P") | BA8: =COUNTIF('Detailed Attendance'!DN9:DN9, "A")+COUNTIF('Detailed Attendance'!DR9:DR9, "A")+COUNTIF('Detailed Attendance'!EK9:EK9, "A")+COUNTIF('Detailed Attendance'!EO9:EO9, "A")+COUNTIF('Detailed Attendance'!FE9:FE9, "A")+COUNTIF('Detailed Attendance'!FI9:FI9, "A")+COUNTIF('Detailed Attendance'!FU9:FU9, "A")+COUNTIF('Detailed Attendance'!FY9:FY9, "A") | BB8: =IF((AZ8+BA8)=0,"", AZ8/(AZ8+BA8)) | BC8: =COUNTIF('Detailed Attendance'!DC9:DC9, "P")+COUNTIF('Detailed Attendance'!DV9:DV9, "P")+COUNTIF('Detailed Attendance'!DZ9:DZ9, "P")+COUNTIF('Detailed Attendance'!ES9:ES9, "P")+COUNTIF('Detailed Attendance'!GC9:GC9, "P")+COUNTIF('Detailed Attendance'!GG9:GG9, "P") | BD8: =COUNTIF('Detailed Attendance'!DC9:DC9, "A")+COUNTIF('Detailed Attendance'!DV9:DV9, "A")+COUNTIF('Detailed Attendance'!DZ9:DZ9, "A")+COUNTIF('Detailed Attendance'!ES9:ES9, "A")+COUNTIF('Detailed Attendance'!GC9:GC9, "A")+COUNTIF('Detailed Attendance'!GG9:GG9, "A") | BE8: =IF((BC8+BD8)=0,"", BC8/(BC8+BD8)) | BF8: =COUNTIF('Detailed Attendance'!DO9:DO9, "P")+COUNTIF('Detailed Attendance'!DW9:DW9, "P")+COUNTIF('Detailed Attendance'!EL9:EL9, "P")+COUNTIF('Detailed Attendance'!ET9:ET9, "P")+COUNTIF('Detailed Attendance'!FF9:FF9, "P")+COUNTIF('Detailed Attendance'!FV9:FV9, "P")+COUNTIF('Detailed Attendance'!GD9:GD9, "P") | BG8: =COUNTIF('Detailed Attendance'!DO9:DO9, "A")+COUNTIF('Detailed Attendance'!DW9:DW9, "A")+COUNTIF('Detailed Attendance'!EL9:EL9, "A")+COUNTIF('Detailed Attendance'!ET9:ET9, "A")+COUNTIF('Detailed Attendance'!FF9:FF9, "A")+COUNTIF('Detailed Attendance'!FV9:FV9, "A")+COUNTIF('Detailed Attendance'!GD9:GD9, "A") | BH8: =IF((BF8+BG8)=0,"", BF8/(BF8+BG8)) | BI8: =AT8+AW8+AZ8+BC8+BF8 | BJ8: =AU8+AX8+BA8+BD8+BG8 | BK8: =IF((BI8+BJ8)=0,"", BI8/(BI8+BJ8)) | BL8: =COUNTIF('Detailed Attendance'!DG9:DG9, "P")+COUNTIF('Detailed Attendance'!ED9:ED9, "P")+COUNTIF('Detailed Attendance'!EX9:EX9, "P")+COUNTIF('Detailed Attendance'!FN9:FN9, "P")+COUNTIF('Detailed Attendance'!DX9:DX9, "P")+COUNTIF('Detailed Attendance'!EU9:EU9, "P")+COUNTIF('Detailed Attendance'!GE9:GE9, "P")+COUNTIF('Detailed Attendance'!DE9:DE9, "P")+COUNTIF('Detailed Attendance'!EB9:EB9, "P")+COUNTIF('Detailed Attendance'!GI9:GI9, "P") | BM8: =COUNTIF('Detailed Attendance'!DG9:DG9, "A")+COUNTIF('Detailed Attendance'!ED9:ED9, "A")+COUNTIF('Detailed Attendance'!EX9:EX9, "A")+COUNTIF('Detailed Attendance'!FN9:FN9, "A")+COUNTIF('Detailed Attendance'!DX9:DX9, "A")+COUNTIF('Detailed Attendance'!EU9:EU9, "A")+COUNTIF('Detailed Attendance'!GE9:GE9, "A")+COUNTIF('Detailed Attendance'!DE9:DE9, "A")+COUNTIF('Detailed Attendance'!EB9:EB9, "A")+COUNTIF('Detailed Attendance'!GI9:GI9, "A") | BN8: =IF((BL8+BM8)=0,"", BL8/(BL8+BM8)) | BO8: =D8+Y8+AT8 | BP8: =E8+Z8+AU8 | BQ8: =IF((BO8+BP8)=0,"", BO8/(BO8+BP8)) | BR8: =G8+AB8+AW8 | BS8: =H8+AC8+AX8 | BT8: =IF((BR8+BS8)=0,"", BR8/(BR8+BS8)) | BU8: =J8+AE8+AZ8 | BV8: =K8+AF8+BA8 | BW8: =IF((BU8+BV8)=0,"", BU8/(BU8+BV8)) | BX8: =M8+AH8+BC8 | BY8: =N8+AI8+BD8 | BZ8: =IF((BX8+BY8)=0,"", BX8/(BX8+BY8)) | CA8: =P8+AK8+BF8 | CB8: =Q8+AL8+BG8 | CC8: =IF((CA8+CB8)=0,"", CA8/(CA8+CB8)) | CD8: =S8+AN8+BI8 | CE8: =T8+AO8+BJ8 | CF8: =IF((CD8+CE8)=0,"", CD8/(CD8+CE8)) | CG8: =V8+AQ8+BL8 | CH8: =W8+AR8+BM8 | CI8: =IF((CG8+CH8)=0,"", CG8/(CG8+CH8)) | CJ8: =CD8+(CG8*2) | CK8: =CE8+(CH8*2) | CL8: =IF((CJ8+CK8)=0,"", CJ8/(CJ8+CK8)) | CM8: Batch 1
A9: 7 | B9: 325106410007 | C9: RAKESH CHOPPA | D9: 0 | E9: 0 | F9: =IF((D9+E9)=0,"", D9/(D9+E9)) | G9: =COUNTIF('Detailed Attendance'!I10:I10, "P") | H9: =COUNTIF('Detailed Attendance'!I10:I10, "A") | I9: =IF((G9+H9)=0,"", G9/(G9+H9)) | J9: 0 | K9: 0 | L9: =IF((J9+K9)=0,"", J9/(J9+K9)) | M9: =COUNTIF('Detailed Attendance'!D10:D10, "P") | N9: =COUNTIF('Detailed Attendance'!D10:D10, "A") | O9: =IF((M9+N9)=0,"", M9/(M9+N9)) | P9: 0 | Q9: 0 | R9: =IF((P9+Q9)=0,"", P9/(P9+Q9)) | S9: =D9+G9+J9+M9+P9 | T9: =E9+H9+K9+N9+Q9 | U9: =IF((S9+T9)=0,"", S9/(S9+T9)) | V9: =COUNTIF('Detailed Attendance'!E10:E10, "P") | W9: =COUNTIF('Detailed Attendance'!E10:E10, "A") | X9: =IF((V9+W9)=0,"", V9/(V9+W9)) | Y9: =COUNTIF('Detailed Attendance'!R10:R10, "P")+COUNTIF('Detailed Attendance'!X10:X10, "P")+COUNTIF('Detailed Attendance'!AL10:AL10, "P")+COUNTIF('Detailed Attendance'!BF10:BF10, "P")+COUNTIF('Detailed Attendance'!BL10:BL10, "P")+COUNTIF('Detailed Attendance'!BZ10:BZ10, "P")+COUNTIF('Detailed Attendance'!CI10:CI10, "P")+COUNTIF('Detailed Attendance'!CW10:CW10, "P") | Z9: =COUNTIF('Detailed Attendance'!R10:R10, "A")+COUNTIF('Detailed Attendance'!X10:X10, "A")+COUNTIF('Detailed Attendance'!AL10:AL10, "A")+COUNTIF('Detailed Attendance'!BF10:BF10, "A")+COUNTIF('Detailed Attendance'!BL10:BL10, "A")+COUNTIF('Detailed Attendance'!BZ10:BZ10, "A")+COUNTIF('Detailed Attendance'!CI10:CI10, "A")+COUNTIF('Detailed Attendance'!CW10:CW10, "A") | AA9: =IF((Y9+Z9)=0,"", Y9/(Y9+Z9)) | AB9: =COUNTIF('Detailed Attendance'!Q10:Q10, "P")+COUNTIF('Detailed Attendance'!AC10:AC10, "P")+COUNTIF('Detailed Attendance'!AK10:AK10, "P")+COUNTIF('Detailed Attendance'!AW10:AW10, "P")+COUNTIF('Detailed Attendance'!BE10:BE10, "P")+COUNTIF('Detailed Attendance'!BQ10:BQ10, "P")+COUNTIF('Detailed Attendance'!BY10:BY10, "P")+COUNTIF('Detailed Attendance'!CN10:CN10, "P")+COUNTIF('Detailed Attendance'!CV10:CV10, "P") | AC9: =COUNTIF('Detailed Attendance'!Q10:Q10, "A")+COUNTIF('Detailed Attendance'!AC10:AC10, "A")+COUNTIF('Detailed Attendance'!AK10:AK10, "A")+COUNTIF('Detailed Attendance'!AW10:AW10, "A")+COUNTIF('Detailed Attendance'!BE10:BE10, "A")+COUNTIF('Detailed Attendance'!BQ10:BQ10, "A")+COUNTIF('Detailed Attendance'!BY10:BY10, "A")+COUNTIF('Detailed Attendance'!CN10:CN10, "A")+COUNTIF('Detailed Attendance'!CV10:CV10, "A") | AD9: =IF((AB9+AC9)=0,"", AB9/(AB9+AC9)) | AE9: =COUNTIF('Detailed Attendance'!L10:L10, "P")+COUNTIF('Detailed Attendance'!P10:P10, "P")+COUNTIF('Detailed Attendance'!AF10:AF10, "P")+COUNTIF('Detailed Attendance'!AJ10:AJ10, "P")+COUNTIF('Detailed Attendance'!AZ10:AZ10, "P")+COUNTIF('Detailed Attendance'!BD10:BD10, "P")+COUNTIF('Detailed Attendance'!BT10:BT10, "P")+COUNTIF('Detailed Attendance'!BX10:BX10, "P")+COUNTIF('Detailed Attendance'!CQ10:CQ10, "P")+COUNTIF('Detailed Attendance'!CU10:CU10, "P") | AF9: =COUNTIF('Detailed Attendance'!L10:L10, "A")+COUNTIF('Detailed Attendance'!P10:P10, "A")+COUNTIF('Detailed Attendance'!AF10:AF10, "A")+COUNTIF('Detailed Attendance'!AJ10:AJ10, "A")+COUNTIF('Detailed Attendance'!AZ10:AZ10, "A")+COUNTIF('Detailed Attendance'!BD10:BD10, "A")+COUNTIF('Detailed Attendance'!BT10:BT10, "A")+COUNTIF('Detailed Attendance'!BX10:BX10, "A")+COUNTIF('Detailed Attendance'!CQ10:CQ10, "A")+COUNTIF('Detailed Attendance'!CU10:CU10, "A") | AG9: =IF((AE9+AF9)=0,"", AE9/(AE9+AF9)) | AH9: =COUNTIF('Detailed Attendance'!T10:T10, "P")+COUNTIF('Detailed Attendance'!AN10:AN10, "P")+COUNTIF('Detailed Attendance'!AR10:AR10, "P")+COUNTIF('Detailed Attendance'!BH10:BH10, "P")+COUNTIF('Detailed Attendance'!CB10:CB10, "P")+COUNTIF('Detailed Attendance'!CF10:CF10, "P")+COUNTIF('Detailed Attendance'!CY10:CY10, "P") | AI9: =COUNTIF('Detailed Attendance'!T10:T10, "A")+COUNTIF('Detailed Attendance'!AN10:AN10, "A")+COUNTIF('Detailed Attendance'!AR10:AR10, "A")+COUNTIF('Detailed Attendance'!BH10:BH10, "A")+COUNTIF('Detailed Attendance'!CB10:CB10, "A")+COUNTIF('Detailed Attendance'!CF10:CF10, "A")+COUNTIF('Detailed Attendance'!CY10:CY10, "A") | AJ9: =IF((AH9+AI9)=0,"", AH9/(AH9+AI9)) | AK9: =COUNTIF('Detailed Attendance'!M10:M10, "P")+COUNTIF('Detailed Attendance'!U10:U10, "P")+COUNTIF('Detailed Attendance'!AG10:AG10, "P")+COUNTIF('Detailed Attendance'!AO10:AO10, "P")+COUNTIF('Detailed Attendance'!BA10:BA10, "P")+COUNTIF('Detailed Attendance'!BI10:BI10, "P")+COUNTIF('Detailed Attendance'!BU10:BU10, "P")+COUNTIF('Detailed Attendance'!CC10:CC10, "P")+COUNTIF('Detailed Attendance'!CR10:CR10, "P")+COUNTIF('Detailed Attendance'!CZ10:CZ10, "P") | AL9: =COUNTIF('Detailed Attendance'!M10:M10, "A")+COUNTIF('Detailed Attendance'!U10:U10, "A")+COUNTIF('Detailed Attendance'!AG10:AG10, "A")+COUNTIF('Detailed Attendance'!AO10:AO10, "A")+COUNTIF('Detailed Attendance'!BA10:BA10, "A")+COUNTIF('Detailed Attendance'!BI10:BI10, "A")+COUNTIF('Detailed Attendance'!BU10:BU10, "A")+COUNTIF('Detailed Attendance'!CC10:CC10, "A")+COUNTIF('Detailed Attendance'!CR10:CR10, "A")+COUNTIF('Detailed Attendance'!CZ10:CZ10, "A") | AM9: =IF((AK9+AL9)=0,"", AK9/(AK9+AL9)) | AN9: =Y9+AB9+AE9+AH9+AK9 | AO9: =Z9+AC9+AF9+AI9+AL9 | AP9: =IF((AN9+AO9)=0,"", AN9/(AN9+AO9)) | AQ9: =COUNTIF('Detailed Attendance'!Y10:Y10, "P")+COUNTIF('Detailed Attendance'!AS10:AS10, "P")+COUNTIF('Detailed Attendance'!BM10:BM10, "P")+COUNTIF('Detailed Attendance'!CJ10:CJ10, "P")+COUNTIF('Detailed Attendance'!V10:V10, "P")+COUNTIF('Detailed Attendance'!AP10:AP10, "P")+COUNTIF('Detailed Attendance'!BJ10:BJ10, "P")+COUNTIF('Detailed Attendance'!CD10:CD10, "P")+COUNTIF('Detailed Attendance'!DA10:DA10, "P")+COUNTIF('Detailed Attendance'!CH10:CH10, "P") | AR9: =COUNTIF('Detailed Attendance'!Y10:Y10, "A")+COUNTIF('Detailed Attendance'!AS10:AS10, "A")+COUNTIF('Detailed Attendance'!BM10:BM10, "A")+COUNTIF('Detailed Attendance'!CJ10:CJ10, "A")+COUNTIF('Detailed Attendance'!V10:V10, "A")+COUNTIF('Detailed Attendance'!AP10:AP10, "A")+COUNTIF('Detailed Attendance'!BJ10:BJ10, "A")+COUNTIF('Detailed Attendance'!CD10:CD10, "A")+COUNTIF('Detailed Attendance'!DA10:DA10, "A")+COUNTIF('Detailed Attendance'!CH10:CH10, "A") | AS9: =IF((AQ9+AR9)=0,"", AQ9/(AQ9+AR9)) | AT9: =COUNTIF('Detailed Attendance'!DF10:DF10, "P")+COUNTIF('Detailed Attendance'!DT10:DT10, "P")+COUNTIF('Detailed Attendance'!EC10:EC10, "P")+COUNTIF('Detailed Attendance'!EQ10:EQ10, "P")+COUNTIF('Detailed Attendance'!EW10:EW10, "P")+COUNTIF('Detailed Attendance'!FK10:FK10, "P")+COUNTIF('Detailed Attendance'!FM10:FM10, "P")+COUNTIF('Detailed Attendance'!GA10:GA10, "P") | AU9: =COUNTIF('Detailed Attendance'!DF10:DF10, "A")+COUNTIF('Detailed Attendance'!DT10:DT10, "A")+COUNTIF('Detailed Attendance'!EC10:EC10, "A")+COUNTIF('Detailed Attendance'!EQ10:EQ10, "A")+COUNTIF('Detailed Attendance'!EW10:EW10, "A")+COUNTIF('Detailed Attendance'!FK10:FK10, "A")+COUNTIF('Detailed Attendance'!FM10:FM10, "A")+COUNTIF('Detailed Attendance'!GA10:GA10, "A") | AV9: =IF((AT9+AU9)=0,"", AT9/(AT9+AU9)) | AW9: =COUNTIF('Detailed Attendance'!DK10:DK10, "P")+COUNTIF('Detailed Attendance'!DS10:DS10, "P")+COUNTIF('Detailed Attendance'!EH10:EH10, "P")+COUNTIF('Detailed Attendance'!EP10:EP10, "P")+COUNTIF('Detailed Attendance'!FB10:FB10, "P")+COUNTIF('Detailed Attendance'!FJ10:FJ10, "P")+COUNTIF('Detailed Attendance'!FR10:FR10, "P")+COUNTIF('Detailed Attendance'!FZ10:FZ10, "P") | AX9: =COUNTIF('Detailed Attendance'!DK10:DK10, "A")+COUNTIF('Detailed Attendance'!DS10:DS10, "A")+COUNTIF('Detailed Attendance'!EH10:EH10, "A")+COUNTIF('Detailed Attendance'!EP10:EP10, "A")+COUNTIF('Detailed Attendance'!FB10:FB10, "A")+COUNTIF('Detailed Attendance'!FJ10:FJ10, "A")+COUNTIF('Detailed Attendance'!FR10:FR10, "A")+COUNTIF('Detailed Attendance'!FZ10:FZ10, "A") | AY9: =IF((AW9+AX9)=0,"", AW9/(AW9+AX9)) | AZ9: =COUNTIF('Detailed Attendance'!DN10:DN10, "P")+COUNTIF('Detailed Attendance'!DR10:DR10, "P")+COUNTIF('Detailed Attendance'!EK10:EK10, "P")+COUNTIF('Detailed Attendance'!EO10:EO10, "P")+COUNTIF('Detailed Attendance'!FE10:FE10, "P")+COUNTIF('Detailed Attendance'!FI10:FI10, "P")+COUNTIF('Detailed Attendance'!FU10:FU10, "P")+COUNTIF('Detailed Attendance'!FY10:FY10, "P") | BA9: =COUNTIF('Detailed Attendance'!DN10:DN10, "A")+COUNTIF('Detailed Attendance'!DR10:DR10, "A")+COUNTIF('Detailed Attendance'!EK10:EK10, "A")+COUNTIF('Detailed Attendance'!EO10:EO10, "A")+COUNTIF('Detailed Attendance'!FE10:FE10, "A")+COUNTIF('Detailed Attendance'!FI10:FI10, "A")+COUNTIF('Detailed Attendance'!FU10:FU10, "A")+COUNTIF('Detailed Attendance'!FY10:FY10, "A") | BB9: =IF((AZ9+BA9)=0,"", AZ9/(AZ9+BA9)) | BC9: =COUNTIF('Detailed Attendance'!DC10:DC10, "P")+COUNTIF('Detailed Attendance'!DV10:DV10, "P")+COUNTIF('Detailed Attendance'!DZ10:DZ10, "P")+COUNTIF('Detailed Attendance'!ES10:ES10, "P")+COUNTIF('Detailed Attendance'!GC10:GC10, "P")+COUNTIF('Detailed Attendance'!GG10:GG10, "P") | BD9: =COUNTIF('Detailed Attendance'!DC10:DC10, "A")+COUNTIF('Detailed Attendance'!DV10:DV10, "A")+COUNTIF('Detailed Attendance'!DZ10:DZ10, "A")+COUNTIF('Detailed Attendance'!ES10:ES10, "A")+COUNTIF('Detailed Attendance'!GC10:GC10, "A")+COUNTIF('Detailed Attendance'!GG10:GG10, "A") | BE9: =IF((BC9+BD9)=0,"", BC9/(BC9+BD9)) | BF9: =COUNTIF('Detailed Attendance'!DO10:DO10, "P")+COUNTIF('Detailed Attendance'!DW10:DW10, "P")+COUNTIF('Detailed Attendance'!EL10:EL10, "P")+COUNTIF('Detailed Attendance'!ET10:ET10, "P")+COUNTIF('Detailed Attendance'!FF10:FF10, "P")+COUNTIF('Detailed Attendance'!FV10:FV10, "P")+COUNTIF('Detailed Attendance'!GD10:GD10, "P") | BG9: =COUNTIF('Detailed Attendance'!DO10:DO10, "A")+COUNTIF('Detailed Attendance'!DW10:DW10, "A")+COUNTIF('Detailed Attendance'!EL10:EL10, "A")+COUNTIF('Detailed Attendance'!ET10:ET10, "A")+COUNTIF('Detailed Attendance'!FF10:FF10, "A")+COUNTIF('Detailed Attendance'!FV10:FV10, "A")+COUNTIF('Detailed Attendance'!GD10:GD10, "A") | BH9: =IF((BF9+BG9)=0,"", BF9/(BF9+BG9)) | BI9: =AT9+AW9+AZ9+BC9+BF9 | BJ9: =AU9+AX9+BA9+BD9+BG9 | BK9: =IF((BI9+BJ9)=0,"", BI9/(BI9+BJ9)) | BL9: =COUNTIF('Detailed Attendance'!DG10:DG10, "P")+COUNTIF('Detailed Attendance'!ED10:ED10, "P")+COUNTIF('Detailed Attendance'!EX10:EX10, "P")+COUNTIF('Detailed Attendance'!FN10:FN10, "P")+COUNTIF('Detailed Attendance'!DX10:DX10, "P")+COUNTIF('Detailed Attendance'!EU10:EU10, "P")+COUNTIF('Detailed Attendance'!GE10:GE10, "P")+COUNTIF('Detailed Attendance'!DE10:DE10, "P")+COUNTIF('Detailed Attendance'!EB10:EB10, "P")+COUNTIF('Detailed Attendance'!GI10:GI10, "P") | BM9: =COUNTIF('Detailed Attendance'!DG10:DG10, "A")+COUNTIF('Detailed Attendance'!ED10:ED10, "A")+COUNTIF('Detailed Attendance'!EX10:EX10, "A")+COUNTIF('Detailed Attendance'!FN10:FN10, "A")+COUNTIF('Detailed Attendance'!DX10:DX10, "A")+COUNTIF('Detailed Attendance'!EU10:EU10, "A")+COUNTIF('Detailed Attendance'!GE10:GE10, "A")+COUNTIF('Detailed Attendance'!DE10:DE10, "A")+COUNTIF('Detailed Attendance'!EB10:EB10, "A")+COUNTIF('Detailed Attendance'!GI10:GI10, "A") | BN9: =IF((BL9+BM9)=0,"", BL9/(BL9+BM9)) | BO9: =D9+Y9+AT9 | BP9: =E9+Z9+AU9 | BQ9: =IF((BO9+BP9)=0,"", BO9/(BO9+BP9)) | BR9: =G9+AB9+AW9 | BS9: =H9+AC9+AX9 | BT9: =IF((BR9+BS9)=0,"", BR9/(BR9+BS9)) | BU9: =J9+AE9+AZ9 | BV9: =K9+AF9+BA9 | BW9: =IF((BU9+BV9)=0,"", BU9/(BU9+BV9)) | BX9: =M9+AH9+BC9 | BY9: =N9+AI9+BD9 | BZ9: =IF((BX9+BY9)=0,"", BX9/(BX9+BY9)) | CA9: =P9+AK9+BF9 | CB9: =Q9+AL9+BG9 | CC9: =IF((CA9+CB9)=0,"", CA9/(CA9+CB9)) | CD9: =S9+AN9+BI9 | CE9: =T9+AO9+BJ9 | CF9: =IF((CD9+CE9)=0,"", CD9/(CD9+CE9)) | CG9: =V9+AQ9+BL9 | CH9: =W9+AR9+BM9 | CI9: =IF((CG9+CH9)=0,"", CG9/(CG9+CH9)) | CJ9: =CD9+(CG9*2) | CK9: =CE9+(CH9*2) | CL9: =IF((CJ9+CK9)=0,"", CJ9/(CJ9+CK9)) | CM9: Batch 1
A10: 8 | B10: 325106410008 | C10: SUBHASH DHULIPUDI | D10: 0 | E10: 0 | F10: =IF((D10+E10)=0,"", D10/(D10+E10)) | G10: =COUNTIF('Detailed Attendance'!I11:I11, "P") | H10: =COUNTIF('Detailed Attendance'!I11:I11, "A") | I10: =IF((G10+H10)=0,"", G10/(G10+H10)) | J10: 0 | K10: 0 | L10: =IF((J10+K10)=0,"", J10/(J10+K10)) | M10: =COUNTIF('Detailed Attendance'!D11:D11, "P") | N10: =COUNTIF('Detailed Attendance'!D11:D11, "A") | O10: =IF((M10+N10)=0,"", M10/(M10+N10)) | P10: 0 | Q10: 0 | R10: =IF((P10+Q10)=0,"", P10/(P10+Q10)) | S10: =D10+G10+J10+M10+P10 | T10: =E10+H10+K10+N10+Q10 | U10: =IF((S10+T10)=0,"", S10/(S10+T10)) | V10: =COUNTIF('Detailed Attendance'!E11:E11, "P") | W10: =COUNTIF('Detailed Attendance'!E11:E11, "A") | X10: =IF((V10+W10)=0,"", V10/(V10+W10)) | Y10: =COUNTIF('Detailed Attendance'!R11:R11, "P")+COUNTIF('Detailed Attendance'!X11:X11, "P")+COUNTIF('Detailed Attendance'!AL11:AL11, "P")+COUNTIF('Detailed Attendance'!BF11:BF11, "P")+COUNTIF('Detailed Attendance'!BL11:BL11, "P")+COUNTIF('Detailed Attendance'!BZ11:BZ11, "P")+COUNTIF('Detailed Attendance'!CI11:CI11, "P")+COUNTIF('Detailed Attendance'!CW11:CW11, "P") | Z10: =COUNTIF('Detailed Attendance'!R11:R11, "A")+COUNTIF('Detailed Attendance'!X11:X11, "A")+COUNTIF('Detailed Attendance'!AL11:AL11, "A")+COUNTIF('Detailed Attendance'!BF11:BF11, "A")+COUNTIF('Detailed Attendance'!BL11:BL11, "A")+COUNTIF('Detailed Attendance'!BZ11:BZ11, "A")+COUNTIF('Detailed Attendance'!CI11:CI11, "A")+COUNTIF('Detailed Attendance'!CW11:CW11, "A") | AA10: =IF((Y10+Z10)=0,"", Y10/(Y10+Z10)) | AB10: =COUNTIF('Detailed Attendance'!Q11:Q11, "P")+COUNTIF('Detailed Attendance'!AC11:AC11, "P")+COUNTIF('Detailed Attendance'!AK11:AK11, "P")+COUNTIF('Detailed Attendance'!AW11:AW11, "P")+COUNTIF('Detailed Attendance'!BE11:BE11, "P")+COUNTIF('Detailed Attendance'!BQ11:BQ11, "P")+COUNTIF('Detailed Attendance'!BY11:BY11, "P")+COUNTIF('Detailed Attendance'!CN11:CN11, "P")+COUNTIF('Detailed Attendance'!CV11:CV11, "P") | AC10: =COUNTIF('Detailed Attendance'!Q11:Q11, "A")+COUNTIF('Detailed Attendance'!AC11:AC11, "A")+COUNTIF('Detailed Attendance'!AK11:AK11, "A")+COUNTIF('Detailed Attendance'!AW11:AW11, "A")+COUNTIF('Detailed Attendance'!BE11:BE11, "A")+COUNTIF('Detailed Attendance'!BQ11:BQ11, "A")+COUNTIF('Detailed Attendance'!BY11:BY11, "A")+COUNTIF('Detailed Attendance'!CN11:CN11, "A")+COUNTIF('Detailed Attendance'!CV11:CV11, "A") | AD10: =IF((AB10+AC10)=0,"", AB10/(AB10+AC10)) | AE10: =COUNTIF('Detailed Attendance'!L11:L11, "P")+COUNTIF('Detailed Attendance'!P11:P11, "P")+COUNTIF('Detailed Attendance'!AF11:AF11, "P")+COUNTIF('Detailed Attendance'!AJ11:AJ11, "P")+COUNTIF('Detailed Attendance'!AZ11:AZ11, "P")+COUNTIF('Detailed Attendance'!BD11:BD11, "P")+COUNTIF('Detailed Attendance'!BT11:BT11, "P")+COUNTIF('Detailed Attendance'!BX11:BX11, "P")+COUNTIF('Detailed Attendance'!CQ11:CQ11, "P")+COUNTIF('Detailed Attendance'!CU11:CU11, "P") | AF10: =COUNTIF('Detailed Attendance'!L11:L11, "A")+COUNTIF('Detailed Attendance'!P11:P11, "A")+COUNTIF('Detailed Attendance'!AF11:AF11, "A")+COUNTIF('Detailed Attendance'!AJ11:AJ11, "A")+COUNTIF('Detailed Attendance'!AZ11:AZ11, "A")+COUNTIF('Detailed Attendance'!BD11:BD11, "A")+COUNTIF('Detailed Attendance'!BT11:BT11, "A")+COUNTIF('Detailed Attendance'!BX11:BX11, "A")+COUNTIF('Detailed Attendance'!CQ11:CQ11, "A")+COUNTIF('Detailed Attendance'!CU11:CU11, "A") | AG10: =IF((AE10+AF10)=0,"", AE10/(AE10+AF10)) | AH10: =COUNTIF('Detailed Attendance'!T11:T11, "P")+COUNTIF('Detailed Attendance'!AN11:AN11, "P")+COUNTIF('Detailed Attendance'!AR11:AR11, "P")+COUNTIF('Detailed Attendance'!BH11:BH11, "P")+COUNTIF('Detailed Attendance'!CB11:CB11, "P")+COUNTIF('Detailed Attendance'!CF11:CF11, "P")+COUNTIF('Detailed Attendance'!CY11:CY11, "P") | AI10: =COUNTIF('Detailed Attendance'!T11:T11, "A")+COUNTIF('Detailed Attendance'!AN11:AN11, "A")+COUNTIF('Detailed Attendance'!AR11:AR11, "A")+COUNTIF('Detailed Attendance'!BH11:BH11, "A")+COUNTIF('Detailed Attendance'!CB11:CB11, "A")+COUNTIF('Detailed Attendance'!CF11:CF11, "A")+COUNTIF('Detailed Attendance'!CY11:CY11, "A") | AJ10: =IF((AH10+AI10)=0,"", AH10/(AH10+AI10)) | AK10: =COUNTIF('Detailed Attendance'!M11:M11, "P")+COUNTIF('Detailed Attendance'!U11:U11, "P")+COUNTIF('Detailed Attendance'!AG11:AG11, "P")+COUNTIF('Detailed Attendance'!AO11:AO11, "P")+COUNTIF('Detailed Attendance'!BA11:BA11, "P")+COUNTIF('Detailed Attendance'!BI11:BI11, "P")+COUNTIF('Detailed Attendance'!BU11:BU11, "P")+COUNTIF('Detailed Attendance'!CC11:CC11, "P")+COUNTIF('Detailed Attendance'!CR11:CR11, "P")+COUNTIF('Detailed Attendance'!CZ11:CZ11, "P") | AL10: =COUNTIF('Detailed Attendance'!M11:M11, "A")+COUNTIF('Detailed Attendance'!U11:U11, "A")+COUNTIF('Detailed Attendance'!AG11:AG11, "A")+COUNTIF('Detailed Attendance'!AO11:AO11, "A")+COUNTIF('Detailed Attendance'!BA11:BA11, "A")+COUNTIF('Detailed Attendance'!BI11:BI11, "A")+COUNTIF('Detailed Attendance'!BU11:BU11, "A")+COUNTIF('Detailed Attendance'!CC11:CC11, "A")+COUNTIF('Detailed Attendance'!CR11:CR11, "A")+COUNTIF('Detailed Attendance'!CZ11:CZ11, "A") | AM10: =IF((AK10+AL10)=0,"", AK10/(AK10+AL10)) | AN10: =Y10+AB10+AE10+AH10+AK10 | AO10: =Z10+AC10+AF10+AI10+AL10 | AP10: =IF((AN10+AO10)=0,"", AN10/(AN10+AO10)) | AQ10: =COUNTIF('Detailed Attendance'!Y11:Y11, "P")+COUNTIF('Detailed Attendance'!AS11:AS11, "P")+COUNTIF('Detailed Attendance'!BM11:BM11, "P")+COUNTIF('Detailed Attendance'!CJ11:CJ11, "P")+COUNTIF('Detailed Attendance'!V11:V11, "P")+COUNTIF('Detailed Attendance'!AP11:AP11, "P")+COUNTIF('Detailed Attendance'!BJ11:BJ11, "P")+COUNTIF('Detailed Attendance'!CD11:CD11, "P")+COUNTIF('Detailed Attendance'!DA11:DA11, "P")+COUNTIF('Detailed Attendance'!CH11:CH11, "P") | AR10: =COUNTIF('Detailed Attendance'!Y11:Y11, "A")+COUNTIF('Detailed Attendance'!AS11:AS11, "A")+COUNTIF('Detailed Attendance'!BM11:BM11, "A")+COUNTIF('Detailed Attendance'!CJ11:CJ11, "A")+COUNTIF('Detailed Attendance'!V11:V11, "A")+COUNTIF('Detailed Attendance'!AP11:AP11, "A")+COUNTIF('Detailed Attendance'!BJ11:BJ11, "A")+COUNTIF('Detailed Attendance'!CD11:CD11, "A")+COUNTIF('Detailed Attendance'!DA11:DA11, "A")+COUNTIF('Detailed Attendance'!CH11:CH11, "A") | AS10: =IF((AQ10+AR10)=0,"", AQ10/(AQ10+AR10)) | AT10: =COUNTIF('Detailed Attendance'!DF11:DF11, "P")+COUNTIF('Detailed Attendance'!DT11:DT11, "P")+COUNTIF('Detailed Attendance'!EC11:EC11, "P")+COUNTIF('Detailed Attendance'!EQ11:EQ11, "P")+COUNTIF('Detailed Attendance'!EW11:EW11, "P")+COUNTIF('Detailed Attendance'!FK11:FK11, "P")+COUNTIF('Detailed Attendance'!FM11:FM11, "P")+COUNTIF('Detailed Attendance'!GA11:GA11, "P") | AU10: =COUNTIF('Detailed Attendance'!DF11:DF11, "A")+COUNTIF('Detailed Attendance'!DT11:DT11, "A")+COUNTIF('Detailed Attendance'!EC11:EC11, "A")+COUNTIF('Detailed Attendance'!EQ11:EQ11, "A")+COUNTIF('Detailed Attendance'!EW11:EW11, "A")+COUNTIF('Detailed Attendance'!FK11:FK11, "A")+COUNTIF('Detailed Attendance'!FM11:FM11, "A")+COUNTIF('Detailed Attendance'!GA11:GA11, "A") | AV10: =IF((AT10+AU10)=0,"", AT10/(AT10+AU10)) | AW10: =COUNTIF('Detailed Attendance'!DK11:DK11, "P")+COUNTIF('Detailed Attendance'!DS11:DS11, "P")+COUNTIF('Detailed Attendance'!EH11:EH11, "P")+COUNTIF('Detailed Attendance'!EP11:EP11, "P")+COUNTIF('Detailed Attendance'!FB11:FB11, "P")+COUNTIF('Detailed Attendance'!FJ11:FJ11, "P")+COUNTIF('Detailed Attendance'!FR11:FR11, "P")+COUNTIF('Detailed Attendance'!FZ11:FZ11, "P") | AX10: =COUNTIF('Detailed Attendance'!DK11:DK11, "A")+COUNTIF('Detailed Attendance'!DS11:DS11, "A")+COUNTIF('Detailed Attendance'!EH11:EH11, "A")+COUNTIF('Detailed Attendance'!EP11:EP11, "A")+COUNTIF('Detailed Attendance'!FB11:FB11, "A")+COUNTIF('Detailed Attendance'!FJ11:FJ11, "A")+COUNTIF('Detailed Attendance'!FR11:FR11, "A")+COUNTIF('Detailed Attendance'!FZ11:FZ11, "A") | AY10: =IF((AW10+AX10)=0,"", AW10/(AW10+AX10)) | AZ10: =COUNTIF('Detailed Attendance'!DN11:DN11, "P")+COUNTIF('Detailed Attendance'!DR11:DR11, "P")+COUNTIF('Detailed Attendance'!EK11:EK11, "P")+COUNTIF('Detailed Attendance'!EO11:EO11, "P")+COUNTIF('Detailed Attendance'!FE11:FE11, "P")+COUNTIF('Detailed Attendance'!FI11:FI11, "P")+COUNTIF('Detailed Attendance'!FU11:FU11, "P")+COUNTIF('Detailed Attendance'!FY11:FY11, "P") | BA10: =COUNTIF('Detailed Attendance'!DN11:DN11, "A")+COUNTIF('Detailed Attendance'!DR11:DR11, "A")+COUNTIF('Detailed Attendance'!EK11:EK11, "A")+COUNTIF('Detailed Attendance'!EO11:EO11, "A")+COUNTIF('Detailed Attendance'!FE11:FE11, "A")+COUNTIF('Detailed Attendance'!FI11:FI11, "A")+COUNTIF('Detailed Attendance'!FU11:FU11, "A")+COUNTIF('Detailed Attendance'!FY11:FY11, "A") | BB10: =IF((AZ10+BA10)=0,"", AZ10/(AZ10+BA10)) | BC10: =COUNTIF('Detailed Attendance'!DC11:DC11, "P")+COUNTIF('Detailed Attendance'!DV11:DV11, "P")+COUNTIF('Detailed Attendance'!DZ11:DZ11, "P")+COUNTIF('Detailed Attendance'!ES11:ES11, "P")+COUNTIF('Detailed Attendance'!GC11:GC11, "P")+COUNTIF('Detailed Attendance'!GG11:GG11, "P") | BD10: =COUNTIF('Detailed Attendance'!DC11:DC11, "A")+COUNTIF('Detailed Attendance'!DV11:DV11, "A")+COUNTIF('Detailed Attendance'!DZ11:DZ11, "A")+COUNTIF('Detailed Attendance'!ES11:ES11, "A")+COUNTIF('Detailed Attendance'!GC11:GC11, "A")+COUNTIF('Detailed Attendance'!GG11:GG11, "A") | BE10: =IF((BC10+BD10)=0,"", BC10/(BC10+BD10)) | BF10: =COUNTIF('Detailed Attendance'!DO11:DO11, "P")+COUNTIF('Detailed Attendance'!DW11:DW11, "P")+COUNTIF('Detailed Attendance'!EL11:EL11, "P")+COUNTIF('Detailed Attendance'!ET11:ET11, "P")+COUNTIF('Detailed Attendance'!FF11:FF11, "P")+COUNTIF('Detailed Attendance'!FV11:FV11, "P")+COUNTIF('Detailed Attendance'!GD11:GD11, "P") | BG10: =COUNTIF('Detailed Attendance'!DO11:DO11, "A")+COUNTIF('Detailed Attendance'!DW11:DW11, "A")+COUNTIF('Detailed Attendance'!EL11:EL11, "A")+COUNTIF('Detailed Attendance'!ET11:ET11, "A")+COUNTIF('Detailed Attendance'!FF11:FF11, "A")+COUNTIF('Detailed Attendance'!FV11:FV11, "A")+COUNTIF('Detailed Attendance'!GD11:GD11, "A") | BH10: =IF((BF10+BG10)=0,"", BF10/(BF10+BG10)) | BI10: =AT10+AW10+AZ10+BC10+BF10 | BJ10: =AU10+AX10+BA10+BD10+BG10 | BK10: =IF((BI10+BJ10)=0,"", BI10/(BI10+BJ10)) | BL10: =COUNTIF('Detailed Attendance'!DG11:DG11, "P")+COUNTIF('Detailed Attendance'!ED11:ED11, "P")+COUNTIF('Detailed Attendance'!EX11:EX11, "P")+COUNTIF('Detailed Attendance'!FN11:FN11, "P")+COUNTIF('Detailed Attendance'!DX11:DX11, "P")+COUNTIF('Detailed Attendance'!EU11:EU11, "P")+COUNTIF('Detailed Attendance'!GE11:GE11, "P")+COUNTIF('Detailed Attendance'!DE11:DE11, "P")+COUNTIF('Detailed Attendance'!EB11:EB11, "P")+COUNTIF('Detailed Attendance'!GI11:GI11, "P") | BM10: =COUNTIF('Detailed Attendance'!DG11:DG11, "A")+COUNTIF('Detailed Attendance'!ED11:ED11, "A")+COUNTIF('Detailed Attendance'!EX11:EX11, "A")+COUNTIF('Detailed Attendance'!FN11:FN11, "A")+COUNTIF('Detailed Attendance'!DX11:DX11, "A")+COUNTIF('Detailed Attendance'!EU11:EU11, "A")+COUNTIF('Detailed Attendance'!GE11:GE11, "A")+COUNTIF('Detailed Attendance'!DE11:DE11, "A")+COUNTIF('Detailed Attendance'!EB11:EB11, "A")+COUNTIF('Detailed Attendance'!GI11:GI11, "A") | BN10: =IF((BL10+BM10)=0,"", BL10/(BL10+BM10)) | BO10: =D10+Y10+AT10 | BP10: =E10+Z10+AU10 | BQ10: =IF((BO10+BP10)=0,"", BO10/(BO10+BP10)) | BR10: =G10+AB10+AW10 | BS10: =H10+AC10+AX10 | BT10: =IF((BR10+BS10)=0,"", BR10/(BR10+BS10)) | BU10: =J10+AE10+AZ10 | BV10: =K10+AF10+BA10 | BW10: =IF((BU10+BV10)=0,"", BU10/(BU10+BV10)) | BX10: =M10+AH10+BC10 | BY10: =N10+AI10+BD10 | BZ10: =IF((BX10+BY10)=0,"", BX10/(BX10+BY10)) | CA10: =P10+AK10+BF10 | CB10: =Q10+AL10+BG10 | CC10: =IF((CA10+CB10)=0,"", CA10/(CA10+CB10)) | CD10: =S10+AN10+BI10 | CE10: =T10+AO10+BJ10 | CF10: =IF((CD10+CE10)=0,"", CD10/(CD10+CE10)) | CG10: =V10+AQ10+BL10 | CH10: =W10+AR10+BM10 | CI10: =IF((CG10+CH10)=0,"", CG10/(CG10+CH10)) | CJ10: =CD10+(CG10*2) | CK10: =CE10+(CH10*2) | CL10: =IF((CJ10+CK10)=0,"", CJ10/(CJ10+CK10)) | CM10: Batch 1
A11: 9 | B11: 325106410009 | C11: SRAVANI DUMMU | D11: 0 | E11: 0 | F11: =IF((D11+E11)=0,"", D11/(D11+E11)) | G11: =COUNTIF('Detailed Attendance'!I12:I12, "P") | H11: =COUNTIF('Detailed Attendance'!I12:I12, "A") | I11: =IF((G11+H11)=0,"", G11/(G11+H11)) | J11: 0 | K11: 0 | L11: =IF((J11+K11)=0,"", J11/(J11+K11)) | M11: =COUNTIF('Detailed Attendance'!D12:D12, "P") | N11: =COUNTIF('Detailed Attendance'!D12:D12, "A") | O11: =IF((M11+N11)=0,"", M11/(M11+N11)) | P11: 0 | Q11: 0 | R11: =IF((P11+Q11)=0,"", P11/(P11+Q11)) | S11: =D11+G11+J11+M11+P11 | T11: =E11+H11+K11+N11+Q11 | U11: =IF((S11+T11)=0,"", S11/(S11+T11)) | V11: =COUNTIF('Detailed Attendance'!E12:E12, "P") | W11: =COUNTIF('Detailed Attendance'!E12:E12, "A") | X11: =IF((V11+W11)=0,"", V11/(V11+W11)) | Y11: =COUNTIF('Detailed Attendance'!R12:R12, "P")+COUNTIF('Detailed Attendance'!X12:X12, "P")+COUNTIF('Detailed Attendance'!AL12:AL12, "P")+COUNTIF('Detailed Attendance'!BF12:BF12, "P")+COUNTIF('Detailed Attendance'!BL12:BL12, "P")+COUNTIF('Detailed Attendance'!BZ12:BZ12, "P")+COUNTIF('Detailed Attendance'!CI12:CI12, "P")+COUNTIF('Detailed Attendance'!CW12:CW12, "P") | Z11: =COUNTIF('Detailed Attendance'!R12:R12, "A")+COUNTIF('Detailed Attendance'!X12:X12, "A")+COUNTIF('Detailed Attendance'!AL12:AL12, "A")+COUNTIF('Detailed Attendance'!BF12:BF12, "A")+COUNTIF('Detailed Attendance'!BL12:BL12, "A")+COUNTIF('Detailed Attendance'!BZ12:BZ12, "A")+COUNTIF('Detailed Attendance'!CI12:CI12, "A")+COUNTIF('Detailed Attendance'!CW12:CW12, "A") | AA11: =IF((Y11+Z11)=0,"", Y11/(Y11+Z11)) | AB11: =COUNTIF('Detailed Attendance'!Q12:Q12, "P")+COUNTIF('Detailed Attendance'!AC12:AC12, "P")+COUNTIF('Detailed Attendance'!AK12:AK12, "P")+COUNTIF('Detailed Attendance'!AW12:AW12, "P")+COUNTIF('Detailed Attendance'!BE12:BE12, "P")+COUNTIF('Detailed Attendance'!BQ12:BQ12, "P")+COUNTIF('Detailed Attendance'!BY12:BY12, "P")+COUNTIF('Detailed Attendance'!CN12:CN12, "P")+COUNTIF('Detailed Attendance'!CV12:CV12, "P") | AC11: =COUNTIF('Detailed Attendance'!Q12:Q12, "A")+COUNTIF('Detailed Attendance'!AC12:AC12, "A")+COUNTIF('Detailed Attendance'!AK12:AK12, "A")+COUNTIF('Detailed Attendance'!AW12:AW12, "A")+COUNTIF('Detailed Attendance'!BE12:BE12, "A")+COUNTIF('Detailed Attendance'!BQ12:BQ12, "A")+COUNTIF('Detailed Attendance'!BY12:BY12, "A")+COUNTIF('Detailed Attendance'!CN12:CN12, "A")+COUNTIF('Detailed Attendance'!CV12:CV12, "A") | AD11: =IF((AB11+AC11)=0,"", AB11/(AB11+AC11)) | AE11: =COUNTIF('Detailed Attendance'!L12:L12, "P")+COUNTIF('Detailed Attendance'!P12:P12, "P")+COUNTIF('Detailed Attendance'!AF12:AF12, "P")+COUNTIF('Detailed Attendance'!AJ12:AJ12, "P")+COUNTIF('Detailed Attendance'!AZ12:AZ12, "P")+COUNTIF('Detailed Attendance'!BD12:BD12, "P")+COUNTIF('Detailed Attendance'!BT12:BT12, "P")+COUNTIF('Detailed Attendance'!BX12:BX12, "P")+COUNTIF('Detailed Attendance'!CQ12:CQ12, "P")+COUNTIF('Detailed Attendance'!CU12:CU12, "P") | AF11: =COUNTIF('Detailed Attendance'!L12:L12, "A")+COUNTIF('Detailed Attendance'!P12:P12, "A")+COUNTIF('Detailed Attendance'!AF12:AF12, "A")+COUNTIF('Detailed Attendance'!AJ12:AJ12, "A")+COUNTIF('Detailed Attendance'!AZ12:AZ12, "A")+COUNTIF('Detailed Attendance'!BD12:BD12, "A")+COUNTIF('Detailed Attendance'!BT12:BT12, "A")+COUNTIF('Detailed Attendance'!BX12:BX12, "A")+COUNTIF('Detailed Attendance'!CQ12:CQ12, "A")+COUNTIF('Detailed Attendance'!CU12:CU12, "A") | AG11: =IF((AE11+AF11)=0,"", AE11/(AE11+AF11)) | AH11: =COUNTIF('Detailed Attendance'!T12:T12, "P")+COUNTIF('Detailed Attendance'!AN12:AN12, "P")+COUNTIF('Detailed Attendance'!AR12:AR12, "P")+COUNTIF('Detailed Attendance'!BH12:BH12, "P")+COUNTIF('Detailed Attendance'!CB12:CB12, "P")+COUNTIF('Detailed Attendance'!CF12:CF12, "P")+COUNTIF('Detailed Attendance'!CY12:CY12, "P") | AI11: =COUNTIF('Detailed Attendance'!T12:T12, "A")+COUNTIF('Detailed Attendance'!AN12:AN12, "A")+COUNTIF('Detailed Attendance'!AR12:AR12, "A")+COUNTIF('Detailed Attendance'!BH12:BH12, "A")+COUNTIF('Detailed Attendance'!CB12:CB12, "A")+COUNTIF('Detailed Attendance'!CF12:CF12, "A")+COUNTIF('Detailed Attendance'!CY12:CY12, "A") | AJ11: =IF((AH11+AI11)=0,"", AH11/(AH11+AI11)) | AK11: =COUNTIF('Detailed Attendance'!M12:M12, "P")+COUNTIF('Detailed Attendance'!U12:U12, "P")+COUNTIF('Detailed Attendance'!AG12:AG12, "P")+COUNTIF('Detailed Attendance'!AO12:AO12, "P")+COUNTIF('Detailed Attendance'!BA12:BA12, "P")+COUNTIF('Detailed Attendance'!BI12:BI12, "P")+COUNTIF('Detailed Attendance'!BU12:BU12, "P")+COUNTIF('Detailed Attendance'!CC12:CC12, "P")+COUNTIF('Detailed Attendance'!CR12:CR12, "P")+COUNTIF('Detailed Attendance'!CZ12:CZ12, "P") | AL11: =COUNTIF('Detailed Attendance'!M12:M12, "A")+COUNTIF('Detailed Attendance'!U12:U12, "A")+COUNTIF('Detailed Attendance'!AG12:AG12, "A")+COUNTIF('Detailed Attendance'!AO12:AO12, "A")+COUNTIF('Detailed Attendance'!BA12:BA12, "A")+COUNTIF('Detailed Attendance'!BI12:BI12, "A")+COUNTIF('Detailed Attendance'!BU12:BU12, "A")+COUNTIF('Detailed Attendance'!CC12:CC12, "A")+COUNTIF('Detailed Attendance'!CR12:CR12, "A")+COUNTIF('Detailed Attendance'!CZ12:CZ12, "A") | AM11: =IF((AK11+AL11)=0,"", AK11/(AK11+AL11)) | AN11: =Y11+AB11+AE11+AH11+AK11 | AO11: =Z11+AC11+AF11+AI11+AL11 | AP11: =IF((AN11+AO11)=0,"", AN11/(AN11+AO11)) | AQ11: =COUNTIF('Detailed Attendance'!Y12:Y12, "P")+COUNTIF('Detailed Attendance'!AS12:AS12, "P")+COUNTIF('Detailed Attendance'!BM12:BM12, "P")+COUNTIF('Detailed Attendance'!CJ12:CJ12, "P")+COUNTIF('Detailed Attendance'!V12:V12, "P")+COUNTIF('Detailed Attendance'!AP12:AP12, "P")+COUNTIF('Detailed Attendance'!BJ12:BJ12, "P")+COUNTIF('Detailed Attendance'!CD12:CD12, "P")+COUNTIF('Detailed Attendance'!DA12:DA12, "P")+COUNTIF('Detailed Attendance'!CH12:CH12, "P") | AR11: =COUNTIF('Detailed Attendance'!Y12:Y12, "A")+COUNTIF('Detailed Attendance'!AS12:AS12, "A")+COUNTIF('Detailed Attendance'!BM12:BM12, "A")+COUNTIF('Detailed Attendance'!CJ12:CJ12, "A")+COUNTIF('Detailed Attendance'!V12:V12, "A")+COUNTIF('Detailed Attendance'!AP12:AP12, "A")+COUNTIF('Detailed Attendance'!BJ12:BJ12, "A")+COUNTIF('Detailed Attendance'!CD12:CD12, "A")+COUNTIF('Detailed Attendance'!DA12:DA12, "A")+COUNTIF('Detailed Attendance'!CH12:CH12, "A") | AS11: =IF((AQ11+AR11)=0,"", AQ11/(AQ11+AR11)) | AT11: =COUNTIF('Detailed Attendance'!DF12:DF12, "P")+COUNTIF('Detailed Attendance'!DT12:DT12, "P")+COUNTIF('Detailed Attendance'!EC12:EC12, "P")+COUNTIF('Detailed Attendance'!EQ12:EQ12, "P")+COUNTIF('Detailed Attendance'!EW12:EW12, "P")+COUNTIF('Detailed Attendance'!FK12:FK12, "P")+COUNTIF('Detailed Attendance'!FM12:FM12, "P")+COUNTIF('Detailed Attendance'!GA12:GA12, "P") | AU11: =COUNTIF('Detailed Attendance'!DF12:DF12, "A")+COUNTIF('Detailed Attendance'!DT12:DT12, "A")+COUNTIF('Detailed Attendance'!EC12:EC12, "A")+COUNTIF('Detailed Attendance'!EQ12:EQ12, "A")+COUNTIF('Detailed Attendance'!EW12:EW12, "A")+COUNTIF('Detailed Attendance'!FK12:FK12, "A")+COUNTIF('Detailed Attendance'!FM12:FM12, "A")+COUNTIF('Detailed Attendance'!GA12:GA12, "A") | AV11: =IF((AT11+AU11)=0,"", AT11/(AT11+AU11)) | AW11: =COUNTIF('Detailed Attendance'!DK12:DK12, "P")+COUNTIF('Detailed Attendance'!DS12:DS12, "P")+COUNTIF('Detailed Attendance'!EH12:EH12, "P")+COUNTIF('Detailed Attendance'!EP12:EP12, "P")+COUNTIF('Detailed Attendance'!FB12:FB12, "P")+COUNTIF('Detailed Attendance'!FJ12:FJ12, "P")+COUNTIF('Detailed Attendance'!FR12:FR12, "P")+COUNTIF('Detailed Attendance'!FZ12:FZ12, "P") | AX11: =COUNTIF('Detailed Attendance'!DK12:DK12, "A")+COUNTIF('Detailed Attendance'!DS12:DS12, "A")+COUNTIF('Detailed Attendance'!EH12:EH12, "A")+COUNTIF('Detailed Attendance'!EP12:EP12, "A")+COUNTIF('Detailed Attendance'!FB12:FB12, "A")+COUNTIF('Detailed Attendance'!FJ12:FJ12, "A")+COUNTIF('Detailed Attendance'!FR12:FR12, "A")+COUNTIF('Detailed Attendance'!FZ12:FZ12, "A") | AY11: =IF((AW11+AX11)=0,"", AW11/(AW11+AX11)) | AZ11: =COUNTIF('Detailed Attendance'!DN12:DN12, "P")+COUNTIF('Detailed Attendance'!DR12:DR12, "P")+COUNTIF('Detailed Attendance'!EK12:EK12, "P")+COUNTIF('Detailed Attendance'!EO12:EO12, "P")+COUNTIF('Detailed Attendance'!FE12:FE12, "P")+COUNTIF('Detailed Attendance'!FI12:FI12, "P")+COUNTIF('Detailed Attendance'!FU12:FU12, "P")+COUNTIF('Detailed Attendance'!FY12:FY12, "P") | BA11: =COUNTIF('Detailed Attendance'!DN12:DN12, "A")+COUNTIF('Detailed Attendance'!DR12:DR12, "A")+COUNTIF('Detailed Attendance'!EK12:EK12, "A")+COUNTIF('Detailed Attendance'!EO12:EO12, "A")+COUNTIF('Detailed Attendance'!FE12:FE12, "A")+COUNTIF('Detailed Attendance'!FI12:FI12, "A")+COUNTIF('Detailed Attendance'!FU12:FU12, "A")+COUNTIF('Detailed Attendance'!FY12:FY12, "A") | BB11: =IF((AZ11+BA11)=0,"", AZ11/(AZ11+BA11)) | BC11: =COUNTIF('Detailed Attendance'!DC12:DC12, "P")+COUNTIF('Detailed Attendance'!DV12:DV12, "P")+COUNTIF('Detailed Attendance'!DZ12:DZ12, "P")+COUNTIF('Detailed Attendance'!ES12:ES12, "P")+COUNTIF('Detailed Attendance'!GC12:GC12, "P")+COUNTIF('Detailed Attendance'!GG12:GG12, "P") | BD11: =COUNTIF('Detailed Attendance'!DC12:DC12, "A")+COUNTIF('Detailed Attendance'!DV12:DV12, "A")+COUNTIF('Detailed Attendance'!DZ12:DZ12, "A")+COUNTIF('Detailed Attendance'!ES12:ES12, "A")+COUNTIF('Detailed Attendance'!GC12:GC12, "A")+COUNTIF('Detailed Attendance'!GG12:GG12, "A") | BE11: =IF((BC11+BD11)=0,"", BC11/(BC11+BD11)) | BF11: =COUNTIF('Detailed Attendance'!DO12:DO12, "P")+COUNTIF('Detailed Attendance'!DW12:DW12, "P")+COUNTIF('Detailed Attendance'!EL12:EL12, "P")+COUNTIF('Detailed Attendance'!ET12:ET12, "P")+COUNTIF('Detailed Attendance'!FF12:FF12, "P")+COUNTIF('Detailed Attendance'!FV12:FV12, "P")+COUNTIF('Detailed Attendance'!GD12:GD12, "P") | BG11: =COUNTIF('Detailed Attendance'!DO12:DO12, "A")+COUNTIF('Detailed Attendance'!DW12:DW12, "A")+COUNTIF('Detailed Attendance'!EL12:EL12, "A")+COUNTIF('Detailed Attendance'!ET12:ET12, "A")+COUNTIF('Detailed Attendance'!FF12:FF12, "A")+COUNTIF('Detailed Attendance'!FV12:FV12, "A")+COUNTIF('Detailed Attendance'!GD12:GD12, "A") | BH11: =IF((BF11+BG11)=0,"", BF11/(BF11+BG11)) | BI11: =AT11+AW11+AZ11+BC11+BF11 | BJ11: =AU11+AX11+BA11+BD11+BG11 | BK11: =IF((BI11+BJ11)=0,"", BI11/(BI11+BJ11)) | BL11: =COUNTIF('Detailed Attendance'!DG12:DG12, "P")+COUNTIF('Detailed Attendance'!ED12:ED12, "P")+COUNTIF('Detailed Attendance'!EX12:EX12, "P")+COUNTIF('Detailed Attendance'!FN12:FN12, "P")+COUNTIF('Detailed Attendance'!DX12:DX12, "P")+COUNTIF('Detailed Attendance'!EU12:EU12, "P")+COUNTIF('Detailed Attendance'!GE12:GE12, "P")+COUNTIF('Detailed Attendance'!DE12:DE12, "P")+COUNTIF('Detailed Attendance'!EB12:EB12, "P")+COUNTIF('Detailed Attendance'!GI12:GI12, "P") | BM11: =COUNTIF('Detailed Attendance'!DG12:DG12, "A")+COUNTIF('Detailed Attendance'!ED12:ED12, "A")+COUNTIF('Detailed Attendance'!EX12:EX12, "A")+COUNTIF('Detailed Attendance'!FN12:FN12, "A")+COUNTIF('Detailed Attendance'!DX12:DX12, "A")+COUNTIF('Detailed Attendance'!EU12:EU12, "A")+COUNTIF('Detailed Attendance'!GE12:GE12, "A")+COUNTIF('Detailed Attendance'!DE12:DE12, "A")+COUNTIF('Detailed Attendance'!EB12:EB12, "A")+COUNTIF('Detailed Attendance'!GI12:GI12, "A") | BN11: =IF((BL11+BM11)=0,"", BL11/(BL11+BM11)) | BO11: =D11+Y11+AT11 | BP11: =E11+Z11+AU11 | BQ11: =IF((BO11+BP11)=0,"", BO11/(BO11+BP11)) | BR11: =G11+AB11+AW11 | BS11: =H11+AC11+AX11 | BT11: =IF((BR11+BS11)=0,"", BR11/(BR11+BS11)) | BU11: =J11+AE11+AZ11 | BV11: =K11+AF11+BA11 | BW11: =IF((BU11+BV11)=0,"", BU11/(BU11+BV11)) | BX11: =M11+AH11+BC11 | BY11: =N11+AI11+BD11 | BZ11: =IF((BX11+BY11)=0,"", BX11/(BX11+BY11)) | CA11: =P11+AK11+BF11 | CB11: =Q11+AL11+BG11 | CC11: =IF((CA11+CB11)=0,"", CA11/(CA11+CB11)) | CD11: =S11+AN11+BI11 | CE11: =T11+AO11+BJ11 | CF11: =IF((CD11+CE11)=0,"", CD11/(CD11+CE11)) | CG11: =V11+AQ11+BL11 | CH11: =W11+AR11+BM11 | CI11: =IF((CG11+CH11)=0,"", CG11/(CG11+CH11)) | CJ11: =CD11+(CG11*2) | CK11: =CE11+(CH11*2) | CL11: =IF((CJ11+CK11)=0,"", CJ11/(CJ11+CK11)) | CM11: Batch 1
A12: 10 | B12: 325106410010 | C12: EESHAAN URLAM | D12: 0 | E12: 0 | F12: =IF((D12+E12)=0,"", D12/(D12+E12)) | G12: =COUNTIF('Detailed Attendance'!I13:I13, "P") | H12: =COUNTIF('Detailed Attendance'!I13:I13, "A") | I12: =IF((G12+H12)=0,"", G12/(G12+H12)) | J12: 0 | K12: 0 | L12: =IF((J12+K12)=0,"", J12/(J12+K12)) | M12: =COUNTIF('Detailed Attendance'!D13:D13, "P") | N12: =COUNTIF('Detailed Attendance'!D13:D13, "A") | O12: =IF((M12+N12)=0,"", M12/(M12+N12)) | P12: 0 | Q12: 0 | R12: =IF((P12+Q12)=0,"", P12/(P12+Q12)) | S12: =D12+G12+J12+M12+P12 | T12: =E12+H12+K12+N12+Q12 | U12: =IF((S12+T12)=0,"", S12/(S12+T12)) | V12: =COUNTIF('Detailed Attendance'!E13:E13, "P") | W12: =COUNTIF('Detailed Attendance'!E13:E13, "A") | X12: =IF((V12+W12)=0,"", V12/(V12+W12)) | Y12: =COUNTIF('Detailed Attendance'!R13:R13, "P")+COUNTIF('Detailed Attendance'!X13:X13, "P")+COUNTIF('Detailed Attendance'!AL13:AL13, "P")+COUNTIF('Detailed Attendance'!BF13:BF13, "P")+COUNTIF('Detailed Attendance'!BL13:BL13, "P")+COUNTIF('Detailed Attendance'!BZ13:BZ13, "P")+COUNTIF('Detailed Attendance'!CI13:CI13, "P")+COUNTIF('Detailed Attendance'!CW13:CW13, "P") | Z12: =COUNTIF('Detailed Attendance'!R13:R13, "A")+COUNTIF('Detailed Attendance'!X13:X13, "A")+COUNTIF('Detailed Attendance'!AL13:AL13, "A")+COUNTIF('Detailed Attendance'!BF13:BF13, "A")+COUNTIF('Detailed Attendance'!BL13:BL13, "A")+COUNTIF('Detailed Attendance'!BZ13:BZ13, "A")+COUNTIF('Detailed Attendance'!CI13:CI13, "A")+COUNTIF('Detailed Attendance'!CW13:CW13, "A") | AA12: =IF((Y12+Z12)=0,"", Y12/(Y12+Z12)) | AB12: =COUNTIF('Detailed Attendance'!Q13:Q13, "P")+COUNTIF('Detailed Attendance'!AC13:AC13, "P")+COUNTIF('Detailed Attendance'!AK13:AK13, "P")+COUNTIF('Detailed Attendance'!AW13:AW13, "P")+COUNTIF('Detailed Attendance'!BE13:BE13, "P")+COUNTIF('Detailed Attendance'!BQ13:BQ13, "P")+COUNTIF('Detailed Attendance'!BY13:BY13, "P")+COUNTIF('Detailed Attendance'!CN13:CN13, "P")+COUNTIF('Detailed Attendance'!CV13:CV13, "P") | AC12: =COUNTIF('Detailed Attendance'!Q13:Q13, "A")+COUNTIF('Detailed Attendance'!AC13:AC13, "A")+COUNTIF('Detailed Attendance'!AK13:AK13, "A")+COUNTIF('Detailed Attendance'!AW13:AW13, "A")+COUNTIF('Detailed Attendance'!BE13:BE13, "A")+COUNTIF('Detailed Attendance'!BQ13:BQ13, "A")+COUNTIF('Detailed Attendance'!BY13:BY13, "A")+COUNTIF('Detailed Attendance'!CN13:CN13, "A")+COUNTIF('Detailed Attendance'!CV13:CV13, "A") | AD12: =IF((AB12+AC12)=0,"", AB12/(AB12+AC12)) | AE12: =COUNTIF('Detailed Attendance'!L13:L13, "P")+COUNTIF('Detailed Attendance'!P13:P13, "P")+COUNTIF('Detailed Attendance'!AF13:AF13, "P")+COUNTIF('Detailed Attendance'!AJ13:AJ13, "P")+COUNTIF('Detailed Attendance'!AZ13:AZ13, "P")+COUNTIF('Detailed Attendance'!BD13:BD13, "P")+COUNTIF('Detailed Attendance'!BT13:BT13, "P")+COUNTIF('Detailed Attendance'!BX13:BX13, "P")+COUNTIF('Detailed Attendance'!CQ13:CQ13, "P")+COUNTIF('Detailed Attendance'!CU13:CU13, "P") | AF12: =COUNTIF('Detailed Attendance'!L13:L13, "A")+COUNTIF('Detailed Attendance'!P13:P13, "A")+COUNTIF('Detailed Attendance'!AF13:AF13, "A")+COUNTIF('Detailed Attendance'!AJ13:AJ13, "A")+COUNTIF('Detailed Attendance'!AZ13:AZ13, "A")+COUNTIF('Detailed Attendance'!BD13:BD13, "A")+COUNTIF('Detailed Attendance'!BT13:BT13, "A")+COUNTIF('Detailed Attendance'!BX13:BX13, "A")+COUNTIF('Detailed Attendance'!CQ13:CQ13, "A")+COUNTIF('Detailed Attendance'!CU13:CU13, "A") | AG12: =IF((AE12+AF12)=0,"", AE12/(AE12+AF12)) | AH12: =COUNTIF('Detailed Attendance'!T13:T13, "P")+COUNTIF('Detailed Attendance'!AN13:AN13, "P")+COUNTIF('Detailed Attendance'!AR13:AR13, "P")+COUNTIF('Detailed Attendance'!BH13:BH13, "P")+COUNTIF('Detailed Attendance'!CB13:CB13, "P")+COUNTIF('Detailed Attendance'!CF13:CF13, "P")+COUNTIF('Detailed Attendance'!CY13:CY13, "P") | AI12: =COUNTIF('Detailed Attendance'!T13:T13, "A")+COUNTIF('Detailed Attendance'!AN13:AN13, "A")+COUNTIF('Detailed Attendance'!AR13:AR13, "A")+COUNTIF('Detailed Attendance'!BH13:BH13, "A")+COUNTIF('Detailed Attendance'!CB13:CB13, "A")+COUNTIF('Detailed Attendance'!CF13:CF13, "A")+COUNTIF('Detailed Attendance'!CY13:CY13, "A") | AJ12: =IF((AH12+AI12)=0,"", AH12/(AH12+AI12)) | AK12: =COUNTIF('Detailed Attendance'!M13:M13, "P")+COUNTIF('Detailed Attendance'!U13:U13, "P")+COUNTIF('Detailed Attendance'!AG13:AG13, "P")+COUNTIF('Detailed Attendance'!AO13:AO13, "P")+COUNTIF('Detailed Attendance'!BA13:BA13, "P")+COUNTIF('Detailed Attendance'!BI13:BI13, "P")+COUNTIF('Detailed Attendance'!BU13:BU13, "P")+COUNTIF('Detailed Attendance'!CC13:CC13, "P")+COUNTIF('Detailed Attendance'!CR13:CR13, "P")+COUNTIF('Detailed Attendance'!CZ13:CZ13, "P") | AL12: =COUNTIF('Detailed Attendance'!M13:M13, "A")+COUNTIF('Detailed Attendance'!U13:U13, "A")+COUNTIF('Detailed Attendance'!AG13:AG13, "A")+COUNTIF('Detailed Attendance'!AO13:AO13, "A")+COUNTIF('Detailed Attendance'!BA13:BA13, "A")+COUNTIF('Detailed Attendance'!BI13:BI13, "A")+COUNTIF('Detailed Attendance'!BU13:BU13, "A")+COUNTIF('Detailed Attendance'!CC13:CC13, "A")+COUNTIF('Detailed Attendance'!CR13:CR13, "A")+COUNTIF('Detailed Attendance'!CZ13:CZ13, "A") | AM12: =IF((AK12+AL12)=0,"", AK12/(AK12+AL12)) | AN12: =Y12+AB12+AE12+AH12+AK12 | AO12: =Z12+AC12+AF12+AI12+AL12 | AP12: =IF((AN12+AO12)=0,"", AN12/(AN12+AO12)) | AQ12: =COUNTIF('Detailed Attendance'!Y13:Y13, "P")+COUNTIF('Detailed Attendance'!AS13:AS13, "P")+COUNTIF('Detailed Attendance'!BM13:BM13, "P")+COUNTIF('Detailed Attendance'!CJ13:CJ13, "P")+COUNTIF('Detailed Attendance'!V13:V13, "P")+COUNTIF('Detailed Attendance'!AP13:AP13, "P")+COUNTIF('Detailed Attendance'!BJ13:BJ13, "P")+COUNTIF('Detailed Attendance'!CD13:CD13, "P")+COUNTIF('Detailed Attendance'!DA13:DA13, "P")+COUNTIF('Detailed Attendance'!CH13:CH13, "P") | AR12: =COUNTIF('Detailed Attendance'!Y13:Y13, "A")+COUNTIF('Detailed Attendance'!AS13:AS13, "A")+COUNTIF('Detailed Attendance'!BM13:BM13, "A")+COUNTIF('Detailed Attendance'!CJ13:CJ13, "A")+COUNTIF('Detailed Attendance'!V13:V13, "A")+COUNTIF('Detailed Attendance'!AP13:AP13, "A")+COUNTIF('Detailed Attendance'!BJ13:BJ13, "A")+COUNTIF('Detailed Attendance'!CD13:CD13, "A")+COUNTIF('Detailed Attendance'!DA13:DA13, "A")+COUNTIF('Detailed Attendance'!CH13:CH13, "A") | AS12: =IF((AQ12+AR12)=0,"", AQ12/(AQ12+AR12)) | AT12: =COUNTIF('Detailed Attendance'!DF13:DF13, "P")+COUNTIF('Detailed Attendance'!DT13:DT13, "P")+COUNTIF('Detailed Attendance'!EC13:EC13, "P")+COUNTIF('Detailed Attendance'!EQ13:EQ13, "P")+COUNTIF('Detailed Attendance'!EW13:EW13, "P")+COUNTIF('Detailed Attendance'!FK13:FK13, "P")+COUNTIF('Detailed Attendance'!FM13:FM13, "P")+COUNTIF('Detailed Attendance'!GA13:GA13, "P") | AU12: =COUNTIF('Detailed Attendance'!DF13:DF13, "A")+COUNTIF('Detailed Attendance'!DT13:DT13, "A")+COUNTIF('Detailed Attendance'!EC13:EC13, "A")+COUNTIF('Detailed Attendance'!EQ13:EQ13, "A")+COUNTIF('Detailed Attendance'!EW13:EW13, "A")+COUNTIF('Detailed Attendance'!FK13:FK13, "A")+COUNTIF('Detailed Attendance'!FM13:FM13, "A")+COUNTIF('Detailed Attendance'!GA13:GA13, "A") | AV12: =IF((AT12+AU12)=0,"", AT12/(AT12+AU12)) | AW12: =COUNTIF('Detailed Attendance'!DK13:DK13, "P")+COUNTIF('Detailed Attendance'!DS13:DS13, "P")+COUNTIF('Detailed Attendance'!EH13:EH13, "P")+COUNTIF('Detailed Attendance'!EP13:EP13, "P")+COUNTIF('Detailed Attendance'!FB13:FB13, "P")+COUNTIF('Detailed Attendance'!FJ13:FJ13, "P")+COUNTIF('Detailed Attendance'!FR13:FR13, "P")+COUNTIF('Detailed Attendance'!FZ13:FZ13, "P") | AX12: =COUNTIF('Detailed Attendance'!DK13:DK13, "A")+COUNTIF('Detailed Attendance'!DS13:DS13, "A")+COUNTIF('Detailed Attendance'!EH13:EH13, "A")+COUNTIF('Detailed Attendance'!EP13:EP13, "A")+COUNTIF('Detailed Attendance'!FB13:FB13, "A")+COUNTIF('Detailed Attendance'!FJ13:FJ13, "A")+COUNTIF('Detailed Attendance'!FR13:FR13, "A")+COUNTIF('Detailed Attendance'!FZ13:FZ13, "A") | AY12: =IF((AW12+AX12)=0,"", AW12/(AW12+AX12)) | AZ12: =COUNTIF('Detailed Attendance'!DN13:DN13, "P")+COUNTIF('Detailed Attendance'!DR13:DR13, "P")+COUNTIF('Detailed Attendance'!EK13:EK13, "P")+COUNTIF('Detailed Attendance'!EO13:EO13, "P")+COUNTIF('Detailed Attendance'!FE13:FE13, "P")+COUNTIF('Detailed Attendance'!FI13:FI13, "P")+COUNTIF('Detailed Attendance'!FU13:FU13, "P")+COUNTIF('Detailed Attendance'!FY13:FY13, "P") | BA12: =COUNTIF('Detailed Attendance'!DN13:DN13, "A")+COUNTIF('Detailed Attendance'!DR13:DR13, "A")+COUNTIF('Detailed Attendance'!EK13:EK13, "A")+COUNTIF('Detailed Attendance'!EO13:EO13, "A")+COUNTIF('Detailed Attendance'!FE13:FE13, "A")+COUNTIF('Detailed Attendance'!FI13:FI13, "A")+COUNTIF('Detailed Attendance'!FU13:FU13, "A")+COUNTIF('Detailed Attendance'!FY13:FY13, "A") | BB12: =IF((AZ12+BA12)=0,"", AZ12/(AZ12+BA12)) | BC12: =COUNTIF('Detailed Attendance'!DC13:DC13, "P")+COUNTIF('Detailed Attendance'!DV13:DV13, "P")+COUNTIF('Detailed Attendance'!DZ13:DZ13, "P")+COUNTIF('Detailed Attendance'!ES13:ES13, "P")+COUNTIF('Detailed Attendance'!GC13:GC13, "P")+COUNTIF('Detailed Attendance'!GG13:GG13, "P") | BD12: =COUNTIF('Detailed Attendance'!DC13:DC13, "A")+COUNTIF('Detailed Attendance'!DV13:DV13, "A")+COUNTIF('Detailed Attendance'!DZ13:DZ13, "A")+COUNTIF('Detailed Attendance'!ES13:ES13, "A")+COUNTIF('Detailed Attendance'!GC13:GC13, "A")+COUNTIF('Detailed Attendance'!GG13:GG13, "A") | BE12: =IF((BC12+BD12)=0,"", BC12/(BC12+BD12)) | BF12: =COUNTIF('Detailed Attendance'!DO13:DO13, "P")+COUNTIF('Detailed Attendance'!DW13:DW13, "P")+COUNTIF('Detailed Attendance'!EL13:EL13, "P")+COUNTIF('Detailed Attendance'!ET13:ET13, "P")+COUNTIF('Detailed Attendance'!FF13:FF13, "P")+COUNTIF('Detailed Attendance'!FV13:FV13, "P")+COUNTIF('Detailed Attendance'!GD13:GD13, "P") | BG12: =COUNTIF('Detailed Attendance'!DO13:DO13, "A")+COUNTIF('Detailed Attendance'!DW13:DW13, "A")+COUNTIF('Detailed Attendance'!EL13:EL13, "A")+COUNTIF('Detailed Attendance'!ET13:ET13, "A")+COUNTIF('Detailed Attendance'!FF13:FF13, "A")+COUNTIF('Detailed Attendance'!FV13:FV13, "A")+COUNTIF('Detailed Attendance'!GD13:GD13, "A") | BH12: =IF((BF12+BG12)=0,"", BF12/(BF12+BG12)) | BI12: =AT12+AW12+AZ12+BC12+BF12 | BJ12: =AU12+AX12+BA12+BD12+BG12 | BK12: =IF((BI12+BJ12)=0,"", BI12/(BI12+BJ12)) | BL12: =COUNTIF('Detailed Attendance'!DG13:DG13, "P")+COUNTIF('Detailed Attendance'!ED13:ED13, "P")+COUNTIF('Detailed Attendance'!EX13:EX13, "P")+COUNTIF('Detailed Attendance'!FN13:FN13, "P")+COUNTIF('Detailed Attendance'!DX13:DX13, "P")+COUNTIF('Detailed Attendance'!EU13:EU13, "P")+COUNTIF('Detailed Attendance'!GE13:GE13, "P")+COUNTIF('Detailed Attendance'!DE13:DE13, "P")+COUNTIF('Detailed Attendance'!EB13:EB13, "P")+COUNTIF('Detailed Attendance'!GI13:GI13, "P") | BM12: =COUNTIF('Detailed Attendance'!DG13:DG13, "A")+COUNTIF('Detailed Attendance'!ED13:ED13, "A")+COUNTIF('Detailed Attendance'!EX13:EX13, "A")+COUNTIF('Detailed Attendance'!FN13:FN13, "A")+COUNTIF('Detailed Attendance'!DX13:DX13, "A")+COUNTIF('Detailed Attendance'!EU13:EU13, "A")+COUNTIF('Detailed Attendance'!GE13:GE13, "A")+COUNTIF('Detailed Attendance'!DE13:DE13, "A")+COUNTIF('Detailed Attendance'!EB13:EB13, "A")+COUNTIF('Detailed Attendance'!GI13:GI13, "A") | BN12: =IF((BL12+BM12)=0,"", BL12/(BL12+BM12)) | BO12: =D12+Y12+AT12 | BP12: =E12+Z12+AU12 | BQ12: =IF((BO12+BP12)=0,"", BO12/(BO12+BP12)) | BR12: =G12+AB12+AW12 | BS12: =H12+AC12+AX12 | BT12: =IF((BR12+BS12)=0,"", BR12/(BR12+BS12)) | BU12: =J12+AE12+AZ12 | BV12: =K12+AF12+BA12 | BW12: =IF((BU12+BV12)=0,"", BU12/(BU12+BV12)) | BX12: =M12+AH12+BC12 | BY12: =N12+AI12+BD12 | BZ12: =IF((BX12+BY12)=0,"", BX12/(BX12+BY12)) | CA12: =P12+AK12+BF12 | CB12: =Q12+AL12+BG12 | CC12: =IF((CA12+CB12)=0,"", CA12/(CA12+CB12)) | CD12: =S12+AN12+BI12 | CE12: =T12+AO12+BJ12 | CF12: =IF((CD12+CE12)=0,"", CD12/(CD12+CE12)) | CG12: =V12+AQ12+BL12 | CH12: =W12+AR12+BM12 | CI12: =IF((CG12+CH12)=0,"", CG12/(CG12+CH12)) | CJ12: =CD12+(CG12*2) | CK12: =CE12+(CH12*2) | CL12: =IF((CJ12+CK12)=0,"", CJ12/(CJ12+CK12)) | CM12: Batch 1
A13: 11 | B13: 325106410011 | C13: KAILASH REDDY GADI | D13: 0 | E13: 0 | F13: =IF((D13+E13)=0,"", D13/(D13+E13)) | G13: =COUNTIF('Detailed Attendance'!I14:I14, "P") | H13: =COUNTIF('Detailed Attendance'!I14:I14, "A") | I13: =IF((G13+H13)=0,"", G13/(G13+H13)) | J13: 0 | K13: 0 | L13: =IF((J13+K13)=0,"", J13/(J13+K13)) | M13: =COUNTIF('Detailed Attendance'!D14:D14, "P") | N13: =COUNTIF('Detailed Attendance'!D14:D14, "A") | O13: =IF((M13+N13)=0,"", M13/(M13+N13)) | P13: 0 | Q13: 0 | R13: =IF((P13+Q13)=0,"", P13/(P13+Q13)) | S13: =D13+G13+J13+M13+P13 | T13: =E13+H13+K13+N13+Q13 | U13: =IF((S13+T13)=0,"", S13/(S13+T13)) | V13: =COUNTIF('Detailed Attendance'!E14:E14, "P") | W13: =COUNTIF('Detailed Attendance'!E14:E14, "A") | X13: =IF((V13+W13)=0,"", V13/(V13+W13)) | Y13: =COUNTIF('Detailed Attendance'!R14:R14, "P")+COUNTIF('Detailed Attendance'!X14:X14, "P")+COUNTIF('Detailed Attendance'!AL14:AL14, "P")+COUNTIF('Detailed Attendance'!BF14:BF14, "P")+COUNTIF('Detailed Attendance'!BL14:BL14, "P")+COUNTIF('Detailed Attendance'!BZ14:BZ14, "P")+COUNTIF('Detailed Attendance'!CI14:CI14, "P")+COUNTIF('Detailed Attendance'!CW14:CW14, "P") | Z13: =COUNTIF('Detailed Attendance'!R14:R14, "A")+COUNTIF('Detailed Attendance'!X14:X14, "A")+COUNTIF('Detailed Attendance'!AL14:AL14, "A")+COUNTIF('Detailed Attendance'!BF14:BF14, "A")+COUNTIF('Detailed Attendance'!BL14:BL14, "A")+COUNTIF('Detailed Attendance'!BZ14:BZ14, "A")+COUNTIF('Detailed Attendance'!CI14:CI14, "A")+COUNTIF('Detailed Attendance'!CW14:CW14, "A") | AA13: =IF((Y13+Z13)=0,"", Y13/(Y13+Z13)) | AB13: =COUNTIF('Detailed Attendance'!Q14:Q14, "P")+COUNTIF('Detailed Attendance'!AC14:AC14, "P")+COUNTIF('Detailed Attendance'!AK14:AK14, "P")+COUNTIF('Detailed Attendance'!AW14:AW14, "P")+COUNTIF('Detailed Attendance'!BE14:BE14, "P")+COUNTIF('Detailed Attendance'!BQ14:BQ14, "P")+COUNTIF('Detailed Attendance'!BY14:BY14, "P")+COUNTIF('Detailed Attendance'!CN14:CN14, "P")+COUNTIF('Detailed Attendance'!CV14:CV14, "P") | AC13: =COUNTIF('Detailed Attendance'!Q14:Q14, "A")+COUNTIF('Detailed Attendance'!AC14:AC14, "A")+COUNTIF('Detailed Attendance'!AK14:AK14, "A")+COUNTIF('Detailed Attendance'!AW14:AW14, "A")+COUNTIF('Detailed Attendance'!BE14:BE14, "A")+COUNTIF('Detailed Attendance'!BQ14:BQ14, "A")+COUNTIF('Detailed Attendance'!BY14:BY14, "A")+COUNTIF('Detailed Attendance'!CN14:CN14, "A")+COUNTIF('Detailed Attendance'!CV14:CV14, "A") | AD13: =IF((AB13+AC13)=0,"", AB13/(AB13+AC13)) | AE13: =COUNTIF('Detailed Attendance'!L14:L14, "P")+COUNTIF('Detailed Attendance'!P14:P14, "P")+COUNTIF('Detailed Attendance'!AF14:AF14, "P")+COUNTIF('Detailed Attendance'!AJ14:AJ14, "P")+COUNTIF('Detailed Attendance'!AZ14:AZ14, "P")+COUNTIF('Detailed Attendance'!BD14:BD14, "P")+COUNTIF('Detailed Attendance'!BT14:BT14, "P")+COUNTIF('Detailed Attendance'!BX14:BX14, "P")+COUNTIF('Detailed Attendance'!CQ14:CQ14, "P")+COUNTIF('Detailed Attendance'!CU14:CU14, "P") | AF13: =COUNTIF('Detailed Attendance'!L14:L14, "A")+COUNTIF('Detailed Attendance'!P14:P14, "A")+COUNTIF('Detailed Attendance'!AF14:AF14, "A")+COUNTIF('Detailed Attendance'!AJ14:AJ14, "A")+COUNTIF('Detailed Attendance'!AZ14:AZ14, "A")+COUNTIF('Detailed Attendance'!BD14:BD14, "A")+COUNTIF('Detailed Attendance'!BT14:BT14, "A")+COUNTIF('Detailed Attendance'!BX14:BX14, "A")+COUNTIF('Detailed Attendance'!CQ14:CQ14, "A")+COUNTIF('Detailed Attendance'!CU14:CU14, "A") | AG13: =IF((AE13+AF13)=0,"", AE13/(AE13+AF13)) | AH13: =COUNTIF('Detailed Attendance'!T14:T14, "P")+COUNTIF('Detailed Attendance'!AN14:AN14, "P")+COUNTIF('Detailed Attendance'!AR14:AR14, "P")+COUNTIF('Detailed Attendance'!BH14:BH14, "P")+COUNTIF('Detailed Attendance'!CB14:CB14, "P")+COUNTIF('Detailed Attendance'!CF14:CF14, "P")+COUNTIF('Detailed Attendance'!CY14:CY14, "P") | AI13: =COUNTIF('Detailed Attendance'!T14:T14, "A")+COUNTIF('Detailed Attendance'!AN14:AN14, "A")+COUNTIF('Detailed Attendance'!AR14:AR14, "A")+COUNTIF('Detailed Attendance'!BH14:BH14, "A")+COUNTIF('Detailed Attendance'!CB14:CB14, "A")+COUNTIF('Detailed Attendance'!CF14:CF14, "A")+COUNTIF('Detailed Attendance'!CY14:CY14, "A") | AJ13: =IF((AH13+AI13)=0,"", AH13/(AH13+AI13)) | AK13: =COUNTIF('Detailed Attendance'!M14:M14, "P")+COUNTIF('Detailed Attendance'!U14:U14, "P")+COUNTIF('Detailed Attendance'!AG14:AG14, "P")+COUNTIF('Detailed Attendance'!AO14:AO14, "P")+COUNTIF('Detailed Attendance'!BA14:BA14, "P")+COUNTIF('Detailed Attendance'!BI14:BI14, "P")+COUNTIF('Detailed Attendance'!BU14:BU14, "P")+COUNTIF('Detailed Attendance'!CC14:CC14, "P")+COUNTIF('Detailed Attendance'!CR14:CR14, "P")+COUNTIF('Detailed Attendance'!CZ14:CZ14, "P") | AL13: =COUNTIF('Detailed Attendance'!M14:M14, "A")+COUNTIF('Detailed Attendance'!U14:U14, "A")+COUNTIF('Detailed Attendance'!AG14:AG14, "A")+COUNTIF('Detailed Attendance'!AO14:AO14, "A")+COUNTIF('Detailed Attendance'!BA14:BA14, "A")+COUNTIF('Detailed Attendance'!BI14:BI14, "A")+COUNTIF('Detailed Attendance'!BU14:BU14, "A")+COUNTIF('Detailed Attendance'!CC14:CC14, "A")+COUNTIF('Detailed Attendance'!CR14:CR14, "A")+COUNTIF('Detailed Attendance'!CZ14:CZ14, "A") | AM13: =IF((AK13+AL13)=0,"", AK13/(AK13+AL13)) | AN13: =Y13+AB13+AE13+AH13+AK13 | AO13: =Z13+AC13+AF13+AI13+AL13 | AP13: =IF((AN13+AO13)=0,"", AN13/(AN13+AO13)) | AQ13: =COUNTIF('Detailed Attendance'!Y14:Y14, "P")+COUNTIF('Detailed Attendance'!AS14:AS14, "P")+COUNTIF('Detailed Attendance'!BM14:BM14, "P")+COUNTIF('Detailed Attendance'!CJ14:CJ14, "P")+COUNTIF('Detailed Attendance'!V14:V14, "P")+COUNTIF('Detailed Attendance'!AP14:AP14, "P")+COUNTIF('Detailed Attendance'!BJ14:BJ14, "P")+COUNTIF('Detailed Attendance'!CD14:CD14, "P")+COUNTIF('Detailed Attendance'!DA14:DA14, "P")+COUNTIF('Detailed Attendance'!CH14:CH14, "P") | AR13: =COUNTIF('Detailed Attendance'!Y14:Y14, "A")+COUNTIF('Detailed Attendance'!AS14:AS14, "A")+COUNTIF('Detailed Attendance'!BM14:BM14, "A")+COUNTIF('Detailed Attendance'!CJ14:CJ14, "A")+COUNTIF('Detailed Attendance'!V14:V14, "A")+COUNTIF('Detailed Attendance'!AP14:AP14, "A")+COUNTIF('Detailed Attendance'!BJ14:BJ14, "A")+COUNTIF('Detailed Attendance'!CD14:CD14, "A")+COUNTIF('Detailed Attendance'!DA14:DA14, "A")+COUNTIF('Detailed Attendance'!CH14:CH14, "A") | AS13: =IF((AQ13+AR13)=0,"", AQ13/(AQ13+AR13)) | AT13: =COUNTIF('Detailed Attendance'!DF14:DF14, "P")+COUNTIF('Detailed Attendance'!DT14:DT14, "P")+COUNTIF('Detailed Attendance'!EC14:EC14, "P")+COUNTIF('Detailed Attendance'!EQ14:EQ14, "P")+COUNTIF('Detailed Attendance'!EW14:EW14, "P")+COUNTIF('Detailed Attendance'!FK14:FK14, "P")+COUNTIF('Detailed Attendance'!FM14:FM14, "P")+COUNTIF('Detailed Attendance'!GA14:GA14, "P") | AU13: =COUNTIF('Detailed Attendance'!DF14:DF14, "A")+COUNTIF('Detailed Attendance'!DT14:DT14, "A")+COUNTIF('Detailed Attendance'!EC14:EC14, "A")+COUNTIF('Detailed Attendance'!EQ14:EQ14, "A")+COUNTIF('Detailed Attendance'!EW14:EW14, "A")+COUNTIF('Detailed Attendance'!FK14:FK14, "A")+COUNTIF('Detailed Attendance'!FM14:FM14, "A")+COUNTIF('Detailed Attendance'!GA14:GA14, "A") | AV13: =IF((AT13+AU13)=0,"", AT13/(AT13+AU13)) | AW13: =COUNTIF('Detailed Attendance'!DK14:DK14, "P")+COUNTIF('Detailed Attendance'!DS14:DS14, "P")+COUNTIF('Detailed Attendance'!EH14:EH14, "P")+COUNTIF('Detailed Attendance'!EP14:EP14, "P")+COUNTIF('Detailed Attendance'!FB14:FB14, "P")+COUNTIF('Detailed Attendance'!FJ14:FJ14, "P")+COUNTIF('Detailed Attendance'!FR14:FR14, "P")+COUNTIF('Detailed Attendance'!FZ14:FZ14, "P") | AX13: =COUNTIF('Detailed Attendance'!DK14:DK14, "A")+COUNTIF('Detailed Attendance'!DS14:DS14, "A")+COUNTIF('Detailed Attendance'!EH14:EH14, "A")+COUNTIF('Detailed Attendance'!EP14:EP14, "A")+COUNTIF('Detailed Attendance'!FB14:FB14, "A")+COUNTIF('Detailed Attendance'!FJ14:FJ14, "A")+COUNTIF('Detailed Attendance'!FR14:FR14, "A")+COUNTIF('Detailed Attendance'!FZ14:FZ14, "A") | AY13: =IF((AW13+AX13)=0,"", AW13/(AW13+AX13)) | AZ13: =COUNTIF('Detailed Attendance'!DN14:DN14, "P")+COUNTIF('Detailed Attendance'!DR14:DR14, "P")+COUNTIF('Detailed Attendance'!EK14:EK14, "P")+COUNTIF('Detailed Attendance'!EO14:EO14, "P")+COUNTIF('Detailed Attendance'!FE14:FE14, "P")+COUNTIF('Detailed Attendance'!FI14:FI14, "P")+COUNTIF('Detailed Attendance'!FU14:FU14, "P")+COUNTIF('Detailed Attendance'!FY14:FY14, "P") | BA13: =COUNTIF('Detailed Attendance'!DN14:DN14, "A")+COUNTIF('Detailed Attendance'!DR14:DR14, "A")+COUNTIF('Detailed Attendance'!EK14:EK14, "A")+COUNTIF('Detailed Attendance'!EO14:EO14, "A")+COUNTIF('Detailed Attendance'!FE14:FE14, "A")+COUNTIF('Detailed Attendance'!FI14:FI14, "A")+COUNTIF('Detailed Attendance'!FU14:FU14, "A")+COUNTIF('Detailed Attendance'!FY14:FY14, "A") | BB13: =IF((AZ13+BA13)=0,"", AZ13/(AZ13+BA13)) | BC13: =COUNTIF('Detailed Attendance'!DC14:DC14, "P")+COUNTIF('Detailed Attendance'!DV14:DV14, "P")+COUNTIF('Detailed Attendance'!DZ14:DZ14, "P")+COUNTIF('Detailed Attendance'!ES14:ES14, "P")+COUNTIF('Detailed Attendance'!GC14:GC14, "P")+COUNTIF('Detailed Attendance'!GG14:GG14, "P") | BD13: =COUNTIF('Detailed Attendance'!DC14:DC14, "A")+COUNTIF('Detailed Attendance'!DV14:DV14, "A")+COUNTIF('Detailed Attendance'!DZ14:DZ14, "A")+COUNTIF('Detailed Attendance'!ES14:ES14, "A")+COUNTIF('Detailed Attendance'!GC14:GC14, "A")+COUNTIF('Detailed Attendance'!GG14:GG14, "A") | BE13: =IF((BC13+BD13)=0,"", BC13/(BC13+BD13)) | BF13: =COUNTIF('Detailed Attendance'!DO14:DO14, "P")+COUNTIF('Detailed Attendance'!DW14:DW14, "P")+COUNTIF('Detailed Attendance'!EL14:EL14, "P")+COUNTIF('Detailed Attendance'!ET14:ET14, "P")+COUNTIF('Detailed Attendance'!FF14:FF14, "P")+COUNTIF('Detailed Attendance'!FV14:FV14, "P")+COUNTIF('Detailed Attendance'!GD14:GD14, "P") | BG13: =COUNTIF('Detailed Attendance'!DO14:DO14, "A")+COUNTIF('Detailed Attendance'!DW14:DW14, "A")+COUNTIF('Detailed Attendance'!EL14:EL14, "A")+COUNTIF('Detailed Attendance'!ET14:ET14, "A")+COUNTIF('Detailed Attendance'!FF14:FF14, "A")+COUNTIF('Detailed Attendance'!FV14:FV14, "A")+COUNTIF('Detailed Attendance'!GD14:GD14, "A") | BH13: =IF((BF13+BG13)=0,"", BF13/(BF13+BG13)) | BI13: =AT13+AW13+AZ13+BC13+BF13 | BJ13: =AU13+AX13+BA13+BD13+BG13 | BK13: =IF((BI13+BJ13)=0,"", BI13/(BI13+BJ13)) | BL13: =COUNTIF('Detailed Attendance'!DG14:DG14, "P")+COUNTIF('Detailed Attendance'!ED14:ED14, "P")+COUNTIF('Detailed Attendance'!EX14:EX14, "P")+COUNTIF('Detailed Attendance'!FN14:FN14, "P")+COUNTIF('Detailed Attendance'!DX14:DX14, "P")+COUNTIF('Detailed Attendance'!EU14:EU14, "P")+COUNTIF('Detailed Attendance'!GE14:GE14, "P")+COUNTIF('Detailed Attendance'!DE14:DE14, "P")+COUNTIF('Detailed Attendance'!EB14:EB14, "P")+COUNTIF('Detailed Attendance'!GI14:GI14, "P") | BM13: =COUNTIF('Detailed Attendance'!DG14:DG14, "A")+COUNTIF('Detailed Attendance'!ED14:ED14, "A")+COUNTIF('Detailed Attendance'!EX14:EX14, "A")+COUNTIF('Detailed Attendance'!FN14:FN14, "A")+COUNTIF('Detailed Attendance'!DX14:DX14, "A")+COUNTIF('Detailed Attendance'!EU14:EU14, "A")+COUNTIF('Detailed Attendance'!GE14:GE14, "A")+COUNTIF('Detailed Attendance'!DE14:DE14, "A")+COUNTIF('Detailed Attendance'!EB14:EB14, "A")+COUNTIF('Detailed Attendance'!GI14:GI14, "A") | BN13: =IF((BL13+BM13)=0,"", BL13/(BL13+BM13)) | BO13: =D13+Y13+AT13 | BP13: =E13+Z13+AU13 | BQ13: =IF((BO13+BP13)=0,"", BO13/(BO13+BP13)) | BR13: =G13+AB13+AW13 | BS13: =H13+AC13+AX13 | BT13: =IF((BR13+BS13)=0,"", BR13/(BR13+BS13)) | BU13: =J13+AE13+AZ13 | BV13: =K13+AF13+BA13 | BW13: =IF((BU13+BV13)=0,"", BU13/(BU13+BV13)) | BX13: =M13+AH13+BC13 | BY13: =N13+AI13+BD13 | BZ13: =IF((BX13+BY13)=0,"", BX13/(BX13+BY13)) | CA13: =P13+AK13+BF13 | CB13: =Q13+AL13+BG13 | CC13: =IF((CA13+CB13)=0,"", CA13/(CA13+CB13)) | CD13: =S13+AN13+BI13 | CE13: =T13+AO13+BJ13 | CF13: =IF((CD13+CE13)=0,"", CD13/(CD13+CE13)) | CG13: =V13+AQ13+BL13 | CH13: =W13+AR13+BM13 | CI13: =IF((CG13+CH13)=0,"", CG13/(CG13+CH13)) | CJ13: =CD13+(CG13*2) | CK13: =CE13+(CH13*2) | CL13: =IF((CJ13+CK13)=0,"", CJ13/(CJ13+CK13)) | CM13: Batch 1
A14: 12 | B14: 325106410012 | C14: DEEPIKA GANTA | D14: 0 | E14: 0 | F14: =IF((D14+E14)=0,"", D14/(D14+E14)) | G14: =COUNTIF('Detailed Attendance'!I15:I15, "P") | H14: =COUNTIF('Detailed Attendance'!I15:I15, "A") | I14: =IF((G14+H14)=0,"", G14/(G14+H14)) | J14: 0 | K14: 0 | L14: =IF((J14+K14)=0,"", J14/(J14+K14)) | M14: =COUNTIF('Detailed Attendance'!D15:D15, "P") | N14: =COUNTIF('Detailed Attendance'!D15:D15, "A") | O14: =IF((M14+N14)=0,"", M14/(M14+N14)) | P14: 0 | Q14: 0 | R14: =IF((P14+Q14)=0,"", P14/(P14+Q14)) | S14: =D14+G14+J14+M14+P14 | T14: =E14+H14+K14+N14+Q14 | U14: =IF((S14+T14)=0,"", S14/(S14+T14)) | V14: =COUNTIF('Detailed Attendance'!E15:E15, "P") | W14: =COUNTIF('Detailed Attendance'!E15:E15, "A") | X14: =IF((V14+W14)=0,"", V14/(V14+W14)) | Y14: =COUNTIF('Detailed Attendance'!R15:R15, "P")+COUNTIF('Detailed Attendance'!X15:X15, "P")+COUNTIF('Detailed Attendance'!AL15:AL15, "P")+COUNTIF('Detailed Attendance'!BF15:BF15, "P")+COUNTIF('Detailed Attendance'!BL15:BL15, "P")+COUNTIF('Detailed Attendance'!BZ15:BZ15, "P")+COUNTIF('Detailed Attendance'!CI15:CI15, "P")+COUNTIF('Detailed Attendance'!CW15:CW15, "P") | Z14: =COUNTIF('Detailed Attendance'!R15:R15, "A")+COUNTIF('Detailed Attendance'!X15:X15, "A")+COUNTIF('Detailed Attendance'!AL15:AL15, "A")+COUNTIF('Detailed Attendance'!BF15:BF15, "A")+COUNTIF('Detailed Attendance'!BL15:BL15, "A")+COUNTIF('Detailed Attendance'!BZ15:BZ15, "A")+COUNTIF('Detailed Attendance'!CI15:CI15, "A")+COUNTIF('Detailed Attendance'!CW15:CW15, "A") | AA14: =IF((Y14+Z14)=0,"", Y14/(Y14+Z14)) | AB14: =COUNTIF('Detailed Attendance'!Q15:Q15, "P")+COUNTIF('Detailed Attendance'!AC15:AC15, "P")+COUNTIF('Detailed Attendance'!AK15:AK15, "P")+COUNTIF('Detailed Attendance'!AW15:AW15, "P")+COUNTIF('Detailed Attendance'!BE15:BE15, "P")+COUNTIF('Detailed Attendance'!BQ15:BQ15, "P")+COUNTIF('Detailed Attendance'!BY15:BY15, "P")+COUNTIF('Detailed Attendance'!CN15:CN15, "P")+COUNTIF('Detailed Attendance'!CV15:CV15, "P") | AC14: =COUNTIF('Detailed Attendance'!Q15:Q15, "A")+COUNTIF('Detailed Attendance'!AC15:AC15, "A")+COUNTIF('Detailed Attendance'!AK15:AK15, "A")+COUNTIF('Detailed Attendance'!AW15:AW15, "A")+COUNTIF('Detailed Attendance'!BE15:BE15, "A")+COUNTIF('Detailed Attendance'!BQ15:BQ15, "A")+COUNTIF('Detailed Attendance'!BY15:BY15, "A")+COUNTIF('Detailed Attendance'!CN15:CN15, "A")+COUNTIF('Detailed Attendance'!CV15:CV15, "A") | AD14: =IF((AB14+AC14)=0,"", AB14/(AB14+AC14)) | AE14: =COUNTIF('Detailed Attendance'!L15:L15, "P")+COUNTIF('Detailed Attendance'!P15:P15, "P")+COUNTIF('Detailed Attendance'!AF15:AF15, "P")+COUNTIF('Detailed Attendance'!AJ15:AJ15, "P")+COUNTIF('Detailed Attendance'!AZ15:AZ15, "P")+COUNTIF('Detailed Attendance'!BD15:BD15, "P")+COUNTIF('Detailed Attendance'!BT15:BT15, "P")+COUNTIF('Detailed Attendance'!BX15:BX15, "P")+COUNTIF('Detailed Attendance'!CQ15:CQ15, "P")+COUNTIF('Detailed Attendance'!CU15:CU15, "P") | AF14: =COUNTIF('Detailed Attendance'!L15:L15, "A")+COUNTIF('Detailed Attendance'!P15:P15, "A")+COUNTIF('Detailed Attendance'!AF15:AF15, "A")+COUNTIF('Detailed Attendance'!AJ15:AJ15, "A")+COUNTIF('Detailed Attendance'!AZ15:AZ15, "A")+COUNTIF('Detailed Attendance'!BD15:BD15, "A")+COUNTIF('Detailed Attendance'!BT15:BT15, "A")+COUNTIF('Detailed Attendance'!BX15:BX15, "A")+COUNTIF('Detailed Attendance'!CQ15:CQ15, "A")+COUNTIF('Detailed Attendance'!CU15:CU15, "A") | AG14: =IF((AE14+AF14)=0,"", AE14/(AE14+AF14)) | AH14: =COUNTIF('Detailed Attendance'!T15:T15, "P")+COUNTIF('Detailed Attendance'!AN15:AN15, "P")+COUNTIF('Detailed Attendance'!AR15:AR15, "P")+COUNTIF('Detailed Attendance'!BH15:BH15, "P")+COUNTIF('Detailed Attendance'!CB15:CB15, "P")+COUNTIF('Detailed Attendance'!CF15:CF15, "P")+COUNTIF('Detailed Attendance'!CY15:CY15, "P") | AI14: =COUNTIF('Detailed Attendance'!T15:T15, "A")+COUNTIF('Detailed Attendance'!AN15:AN15, "A")+COUNTIF('Detailed Attendance'!AR15:AR15, "A")+COUNTIF('Detailed Attendance'!BH15:BH15, "A")+COUNTIF('Detailed Attendance'!CB15:CB15, "A")+COUNTIF('Detailed Attendance'!CF15:CF15, "A")+COUNTIF('Detailed Attendance'!CY15:CY15, "A") | AJ14: =IF((AH14+AI14)=0,"", AH14/(AH14+AI14)) | AK14: =COUNTIF('Detailed Attendance'!M15:M15, "P")+COUNTIF('Detailed Attendance'!U15:U15, "P")+COUNTIF('Detailed Attendance'!AG15:AG15, "P")+COUNTIF('Detailed Attendance'!AO15:AO15, "P")+COUNTIF('Detailed Attendance'!BA15:BA15, "P")+COUNTIF('Detailed Attendance'!BI15:BI15, "P")+COUNTIF('Detailed Attendance'!BU15:BU15, "P")+COUNTIF('Detailed Attendance'!CC15:CC15, "P")+COUNTIF('Detailed Attendance'!CR15:CR15, "P")+COUNTIF('Detailed Attendance'!CZ15:CZ15, "P") | AL14: =COUNTIF('Detailed Attendance'!M15:M15, "A")+COUNTIF('Detailed Attendance'!U15:U15, "A")+COUNTIF('Detailed Attendance'!AG15:AG15, "A")+COUNTIF('Detailed Attendance'!AO15:AO15, "A")+COUNTIF('Detailed Attendance'!BA15:BA15, "A")+COUNTIF('Detailed Attendance'!BI15:BI15, "A")+COUNTIF('Detailed Attendance'!BU15:BU15, "A")+COUNTIF('Detailed Attendance'!CC15:CC15, "A")+COUNTIF('Detailed Attendance'!CR15:CR15, "A")+COUNTIF('Detailed Attendance'!CZ15:CZ15, "A") | AM14: =IF((AK14+AL14)=0,"", AK14/(AK14+AL14)) | AN14: =Y14+AB14+AE14+AH14+AK14 | AO14: =Z14+AC14+AF14+AI14+AL14 | AP14: =IF((AN14+AO14)=0,"", AN14/(AN14+AO14)) | AQ14: =COUNTIF('Detailed Attendance'!Y15:Y15, "P")+COUNTIF('Detailed Attendance'!AS15:AS15, "P")+COUNTIF('Detailed Attendance'!BM15:BM15, "P")+COUNTIF('Detailed Attendance'!CJ15:CJ15, "P")+COUNTIF('Detailed Attendance'!V15:V15, "P")+COUNTIF('Detailed Attendance'!AP15:AP15, "P")+COUNTIF('Detailed Attendance'!BJ15:BJ15, "P")+COUNTIF('Detailed Attendance'!CD15:CD15, "P")+COUNTIF('Detailed Attendance'!DA15:DA15, "P")+COUNTIF('Detailed Attendance'!CH15:CH15, "P") | AR14: =COUNTIF('Detailed Attendance'!Y15:Y15, "A")+COUNTIF('Detailed Attendance'!AS15:AS15, "A")+COUNTIF('Detailed Attendance'!BM15:BM15, "A")+COUNTIF('Detailed Attendance'!CJ15:CJ15, "A")+COUNTIF('Detailed Attendance'!V15:V15, "A")+COUNTIF('Detailed Attendance'!AP15:AP15, "A")+COUNTIF('Detailed Attendance'!BJ15:BJ15, "A")+COUNTIF('Detailed Attendance'!CD15:CD15, "A")+COUNTIF('Detailed Attendance'!DA15:DA15, "A")+COUNTIF('Detailed Attendance'!CH15:CH15, "A") | AS14: =IF((AQ14+AR14)=0,"", AQ14/(AQ14+AR14)) | AT14: =COUNTIF('Detailed Attendance'!DF15:DF15, "P")+COUNTIF('Detailed Attendance'!DT15:DT15, "P")+COUNTIF('Detailed Attendance'!EC15:EC15, "P")+COUNTIF('Detailed Attendance'!EQ15:EQ15, "P")+COUNTIF('Detailed Attendance'!EW15:EW15, "P")+COUNTIF('Detailed Attendance'!FK15:FK15, "P")+COUNTIF('Detailed Attendance'!FM15:FM15, "P")+COUNTIF('Detailed Attendance'!GA15:GA15, "P") | AU14: =COUNTIF('Detailed Attendance'!DF15:DF15, "A")+COUNTIF('Detailed Attendance'!DT15:DT15, "A")+COUNTIF('Detailed Attendance'!EC15:EC15, "A")+COUNTIF('Detailed Attendance'!EQ15:EQ15, "A")+COUNTIF('Detailed Attendance'!EW15:EW15, "A")+COUNTIF('Detailed Attendance'!FK15:FK15, "A")+COUNTIF('Detailed Attendance'!FM15:FM15, "A")+COUNTIF('Detailed Attendance'!GA15:GA15, "A") | AV14: =IF((AT14+AU14)=0,"", AT14/(AT14+AU14)) | AW14: =COUNTIF('Detailed Attendance'!DK15:DK15, "P")+COUNTIF('Detailed Attendance'!DS15:DS15, "P")+COUNTIF('Detailed Attendance'!EH15:EH15, "P")+COUNTIF('Detailed Attendance'!EP15:EP15, "P")+COUNTIF('Detailed Attendance'!FB15:FB15, "P")+COUNTIF('Detailed Attendance'!FJ15:FJ15, "P")+COUNTIF('Detailed Attendance'!FR15:FR15, "P")+COUNTIF('Detailed Attendance'!FZ15:FZ15, "P") | AX14: =COUNTIF('Detailed Attendance'!DK15:DK15, "A")+COUNTIF('Detailed Attendance'!DS15:DS15, "A")+COUNTIF('Detailed Attendance'!EH15:EH15, "A")+COUNTIF('Detailed Attendance'!EP15:EP15, "A")+COUNTIF('Detailed Attendance'!FB15:FB15, "A")+COUNTIF('Detailed Attendance'!FJ15:FJ15, "A")+COUNTIF('Detailed Attendance'!FR15:FR15, "A")+COUNTIF('Detailed Attendance'!FZ15:FZ15, "A") | AY14: =IF((AW14+AX14)=0,"", AW14/(AW14+AX14)) | AZ14: =COUNTIF('Detailed Attendance'!DN15:DN15, "P")+COUNTIF('Detailed Attendance'!DR15:DR15, "P")+COUNTIF('Detailed Attendance'!EK15:EK15, "P")+COUNTIF('Detailed Attendance'!EO15:EO15, "P")+COUNTIF('Detailed Attendance'!FE15:FE15, "P")+COUNTIF('Detailed Attendance'!FI15:FI15, "P")+COUNTIF('Detailed Attendance'!FU15:FU15, "P")+COUNTIF('Detailed Attendance'!FY15:FY15, "P") | BA14: =COUNTIF('Detailed Attendance'!DN15:DN15, "A")+COUNTIF('Detailed Attendance'!DR15:DR15, "A")+COUNTIF('Detailed Attendance'!EK15:EK15, "A")+COUNTIF('Detailed Attendance'!EO15:EO15, "A")+COUNTIF('Detailed Attendance'!FE15:FE15, "A")+COUNTIF('Detailed Attendance'!FI15:FI15, "A")+COUNTIF('Detailed Attendance'!FU15:FU15, "A")+COUNTIF('Detailed Attendance'!FY15:FY15, "A") | BB14: =IF((AZ14+BA14)=0,"", AZ14/(AZ14+BA14)) | BC14: =COUNTIF('Detailed Attendance'!DC15:DC15, "P")+COUNTIF('Detailed Attendance'!DV15:DV15, "P")+COUNTIF('Detailed Attendance'!DZ15:DZ15, "P")+COUNTIF('Detailed Attendance'!ES15:ES15, "P")+COUNTIF('Detailed Attendance'!GC15:GC15, "P")+COUNTIF('Detailed Attendance'!GG15:GG15, "P") | BD14: =COUNTIF('Detailed Attendance'!DC15:DC15, "A")+COUNTIF('Detailed Attendance'!DV15:DV15, "A")+COUNTIF('Detailed Attendance'!DZ15:DZ15, "A")+COUNTIF('Detailed Attendance'!ES15:ES15, "A")+COUNTIF('Detailed Attendance'!GC15:GC15, "A")+COUNTIF('Detailed Attendance'!GG15:GG15, "A") | BE14: =IF((BC14+BD14)=0,"", BC14/(BC14+BD14)) | BF14: =COUNTIF('Detailed Attendance'!DO15:DO15, "P")+COUNTIF('Detailed Attendance'!DW15:DW15, "P")+COUNTIF('Detailed Attendance'!EL15:EL15, "P")+COUNTIF('Detailed Attendance'!ET15:ET15, "P")+COUNTIF('Detailed Attendance'!FF15:FF15, "P")+COUNTIF('Detailed Attendance'!FV15:FV15, "P")+COUNTIF('Detailed Attendance'!GD15:GD15, "P") | BG14: =COUNTIF('Detailed Attendance'!DO15:DO15, "A")+COUNTIF('Detailed Attendance'!DW15:DW15, "A")+COUNTIF('Detailed Attendance'!EL15:EL15, "A")+COUNTIF('Detailed Attendance'!ET15:ET15, "A")+COUNTIF('Detailed Attendance'!FF15:FF15, "A")+COUNTIF('Detailed Attendance'!FV15:FV15, "A")+COUNTIF('Detailed Attendance'!GD15:GD15, "A") | BH14: =IF((BF14+BG14)=0,"", BF14/(BF14+BG14)) | BI14: =AT14+AW14+AZ14+BC14+BF14 | BJ14: =AU14+AX14+BA14+BD14+BG14 | BK14: =IF((BI14+BJ14)=0,"", BI14/(BI14+BJ14)) | BL14: =COUNTIF('Detailed Attendance'!DG15:DG15, "P")+COUNTIF('Detailed Attendance'!ED15:ED15, "P")+COUNTIF('Detailed Attendance'!EX15:EX15, "P")+COUNTIF('Detailed Attendance'!FN15:FN15, "P")+COUNTIF('Detailed Attendance'!DX15:DX15, "P")+COUNTIF('Detailed Attendance'!EU15:EU15, "P")+COUNTIF('Detailed Attendance'!GE15:GE15, "P")+COUNTIF('Detailed Attendance'!DE15:DE15, "P")+COUNTIF('Detailed Attendance'!EB15:EB15, "P")+COUNTIF('Detailed Attendance'!GI15:GI15, "P") | BM14: =COUNTIF('Detailed Attendance'!DG15:DG15, "A")+COUNTIF('Detailed Attendance'!ED15:ED15, "A")+COUNTIF('Detailed Attendance'!EX15:EX15, "A")+COUNTIF('Detailed Attendance'!FN15:FN15, "A")+COUNTIF('Detailed Attendance'!DX15:DX15, "A")+COUNTIF('Detailed Attendance'!EU15:EU15, "A")+COUNTIF('Detailed Attendance'!GE15:GE15, "A")+COUNTIF('Detailed Attendance'!DE15:DE15, "A")+COUNTIF('Detailed Attendance'!EB15:EB15, "A")+COUNTIF('Detailed Attendance'!GI15:GI15, "A") | BN14: =IF((BL14+BM14)=0,"", BL14/(BL14+BM14)) | BO14: =D14+Y14+AT14 | BP14: =E14+Z14+AU14 | BQ14: =IF((BO14+BP14)=0,"", BO14/(BO14+BP14)) | BR14: =G14+AB14+AW14 | BS14: =H14+AC14+AX14 | BT14: =IF((BR14+BS14)=0,"", BR14/(BR14+BS14)) | BU14: =J14+AE14+AZ14 | BV14: =K14+AF14+BA14 | BW14: =IF((BU14+BV14)=0,"", BU14/(BU14+BV14)) | BX14: =M14+AH14+BC14 | BY14: =N14+AI14+BD14 | BZ14: =IF((BX14+BY14)=0,"", BX14/(BX14+BY14)) | CA14: =P14+AK14+BF14 | CB14: =Q14+AL14+BG14 | CC14: =IF((CA14+CB14)=0,"", CA14/(CA14+CB14)) | CD14: =S14+AN14+BI14 | CE14: =T14+AO14+BJ14 | CF14: =IF((CD14+CE14)=0,"", CD14/(CD14+CE14)) | CG14: =V14+AQ14+BL14 | CH14: =W14+AR14+BM14 | CI14: =IF((CG14+CH14)=0,"", CG14/(CG14+CH14)) | CJ14: =CD14+(CG14*2) | CK14: =CE14+(CH14*2) | CL14: =IF((CJ14+CK14)=0,"", CJ14/(CJ14+CK14)) | CM14: Batch 1
... A43: 41 | B43: 325106410041 | C43: PAVAN SAI PUVVALA | D43: 0 | E43: 0 | F43: =IF((D43+E43)=0,"", D43/(D43+E43)) | G43: =COUNTIF('Detailed Attendance'!I44:I44, "P") | H43: =COUNTIF('Detailed Attendance'!I44:I44, "A") | I43: =IF((G43+H43)=0,"", G43/(G43+H43)) | J43: 0 | K43: 0 | L43: =IF((J43+K43)=0,"", J43/(J43+K43)) | M43: =COUNTIF('Detailed Attendance'!D44:D44, "P") | N43: =COUNTIF('Detailed Attendance'!D44:D44, "A") | O43: =IF((M43+N43)=0,"", M43/(M43+N43)) | P43: 0 | Q43: 0 | R43: =IF((P43+Q43)=0,"", P43/(P43+Q43)) | S43: =D43+G43+J43+M43+P43 | T43: =E43+H43+K43+N43+Q43 | U43: =IF((S43+T43)=0,"", S43/(S43+T43)) | V43: =COUNTIF('Detailed Attendance'!E44:E44, "P") | W43: =COUNTIF('Detailed Attendance'!E44:E44, "A") | X43: =IF((V43+W43)=0,"", V43/(V43+W43)) | Y43: =COUNTIF('Detailed Attendance'!R44:R44, "P")+COUNTIF('Detailed Attendance'!X44:X44, "P")+COUNTIF('Detailed Attendance'!AL44:AL44, "P")+COUNTIF('Detailed Attendance'!BF44:BF44, "P")+COUNTIF('Detailed Attendance'!BL44:BL44, "P")+COUNTIF('Detailed Attendance'!BZ44:BZ44, "P")+COUNTIF('Detailed Attendance'!CI44:CI44, "P")+COUNTIF('Detailed Attendance'!CW44:CW44, "P") | Z43: =COUNTIF('Detailed Attendance'!R44:R44, "A")+COUNTIF('Detailed Attendance'!X44:X44, "A")+COUNTIF('Detailed Attendance'!AL44:AL44, "A")+COUNTIF('Detailed Attendance'!BF44:BF44, "A")+COUNTIF('Detailed Attendance'!BL44:BL44, "A")+COUNTIF('Detailed Attendance'!BZ44:BZ44, "A")+COUNTIF('Detailed Attendance'!CI44:CI44, "A")+COUNTIF('Detailed Attendance'!CW44:CW44, "A") | AA43: =IF((Y43+Z43)=0,"", Y43/(Y43+Z43)) | AB43: =COUNTIF('Detailed Attendance'!Q44:Q44, "P")+COUNTIF('Detailed Attendance'!AC44:AC44, "P")+COUNTIF('Detailed Attendance'!AK44:AK44, "P")+COUNTIF('Detailed Attendance'!AW44:AW44, "P")+COUNTIF('Detailed Attendance'!BE44:BE44, "P")+COUNTIF('Detailed Attendance'!BQ44:BQ44, "P")+COUNTIF('Detailed Attendance'!BY44:BY44, "P")+COUNTIF('Detailed Attendance'!CN44:CN44, "P")+COUNTIF('Detailed Attendance'!CV44:CV44, "P") | AC43: =COUNTIF('Detailed Attendance'!Q44:Q44, "A")+COUNTIF('Detailed Attendance'!AC44:AC44, "A")+COUNTIF('Detailed Attendance'!AK44:AK44, "A")+COUNTIF('Detailed Attendance'!AW44:AW44, "A")+COUNTIF('Detailed Attendance'!BE44:BE44, "A")+COUNTIF('Detailed Attendance'!BQ44:BQ44, "A")+COUNTIF('Detailed Attendance'!BY44:BY44, "A")+COUNTIF('Detailed Attendance'!CN44:CN44, "A")+COUNTIF('Detailed Attendance'!CV44:CV44, "A") | AD43: =IF((AB43+AC43)=0,"", AB43/(AB43+AC43)) | AE43: =COUNTIF('Detailed Attendance'!L44:L44, "P")+COUNTIF('Detailed Attendance'!P44:P44, "P")+COUNTIF('Detailed Attendance'!AF44:AF44, "P")+COUNTIF('Detailed Attendance'!AJ44:AJ44, "P")+COUNTIF('Detailed Attendance'!AZ44:AZ44, "P")+COUNTIF('Detailed Attendance'!BD44:BD44, "P")+COUNTIF('Detailed Attendance'!BT44:BT44, "P")+COUNTIF('Detailed Attendance'!BX44:BX44, "P")+COUNTIF('Detailed Attendance'!CQ44:CQ44, "P")+COUNTIF('Detailed Attendance'!CU44:CU44, "P") | AF43: =COUNTIF('Detailed Attendance'!L44:L44, "A")+COUNTIF('Detailed Attendance'!P44:P44, "A")+COUNTIF('Detailed Attendance'!AF44:AF44, "A")+COUNTIF('Detailed Attendance'!AJ44:AJ44, "A")+COUNTIF('Detailed Attendance'!AZ44:AZ44, "A")+COUNTIF('Detailed Attendance'!BD44:BD44, "A")+COUNTIF('Detailed Attendance'!BT44:BT44, "A")+COUNTIF('Detailed Attendance'!BX44:BX44, "A")+COUNTIF('Detailed Attendance'!CQ44:CQ44, "A")+COUNTIF('Detailed Attendance'!CU44:CU44, "A") | AG43: =IF((AE43+AF43)=0,"", AE43/(AE43+AF43)) | AH43: =COUNTIF('Detailed Attendance'!T44:T44, "P")+COUNTIF('Detailed Attendance'!AN44:AN44, "P")+COUNTIF('Detailed Attendance'!AR44:AR44, "P")+COUNTIF('Detailed Attendance'!BH44:BH44, "P")+COUNTIF('Detailed Attendance'!CB44:CB44, "P")+COUNTIF('Detailed Attendance'!CF44:CF44, "P")+COUNTIF('Detailed Attendance'!CY44:CY44, "P") | AI43: =COUNTIF('Detailed Attendance'!T44:T44, "A")+COUNTIF('Detailed Attendance'!AN44:AN44, "A")+COUNTIF('Detailed Attendance'!AR44:AR44, "A")+COUNTIF('Detailed Attendance'!BH44:BH44, "A")+COUNTIF('Detailed Attendance'!CB44:CB44, "A")+COUNTIF('Detailed Attendance'!CF44:CF44, "A")+COUNTIF('Detailed Attendance'!CY44:CY44, "A") | AJ43: =IF((AH43+AI43)=0,"", AH43/(AH43+AI43)) | AK43: =COUNTIF('Detailed Attendance'!M44:M44, "P")+COUNTIF('Detailed Attendance'!U44:U44, "P")+COUNTIF('Detailed Attendance'!AG44:AG44, "P")+COUNTIF('Detailed Attendance'!AO44:AO44, "P")+COUNTIF('Detailed Attendance'!BA44:BA44, "P")+COUNTIF('Detailed Attendance'!BI44:BI44, "P")+COUNTIF('Detailed Attendance'!BU44:BU44, "P")+COUNTIF('Detailed Attendance'!CC44:CC44, "P")+COUNTIF('Detailed Attendance'!CR44:CR44, "P")+COUNTIF('Detailed Attendance'!CZ44:CZ44, "P") | AL43: =COUNTIF('Detailed Attendance'!M44:M44, "A")+COUNTIF('Detailed Attendance'!U44:U44, "A")+COUNTIF('Detailed Attendance'!AG44:AG44, "A")+COUNTIF('Detailed Attendance'!AO44:AO44, "A")+COUNTIF('Detailed Attendance'!BA44:BA44, "A")+COUNTIF('Detailed Attendance'!BI44:BI44, "A")+COUNTIF('Detailed Attendance'!BU44:BU44, "A")+COUNTIF('Detailed Attendance'!CC44:CC44, "A")+COUNTIF('Detailed Attendance'!CR44:CR44, "A")+COUNTIF('Detailed Attendance'!CZ44:CZ44, "A") | AM43: =IF((AK43+AL43)=0,"", AK43/(AK43+AL43)) | AN43: =Y43+AB43+AE43+AH43+AK43 | AO43: =Z43+AC43+AF43+AI43+AL43 | AP43: =IF((AN43+AO43)=0,"", AN43/(AN43+AO43)) | AQ43: =COUNTIF('Detailed Attendance'!Y44:Y44, "P")+COUNTIF('Detailed Attendance'!AS44:AS44, "P")+COUNTIF('Detailed Attendance'!BM44:BM44, "P")+COUNTIF('Detailed Attendance'!CJ44:CJ44, "P")+COUNTIF('Detailed Attendance'!V44:V44, "P")+COUNTIF('Detailed Attendance'!AP44:AP44, "P")+COUNTIF('Detailed Attendance'!BJ44:BJ44, "P")+COUNTIF('Detailed Attendance'!CD44:CD44, "P")+COUNTIF('Detailed Attendance'!DA44:DA44, "P")+COUNTIF('Detailed Attendance'!CH44:CH44, "P") | AR43: =COUNTIF('Detailed Attendance'!Y44:Y44, "A")+COUNTIF('Detailed Attendance'!AS44:AS44, "A")+COUNTIF('Detailed Attendance'!BM44:BM44, "A")+COUNTIF('Detailed Attendance'!CJ44:CJ44, "A")+COUNTIF('Detailed Attendance'!V44:V44, "A")+COUNTIF('Detailed Attendance'!AP44:AP44, "A")+COUNTIF('Detailed Attendance'!BJ44:BJ44, "A")+COUNTIF('Detailed Attendance'!CD44:CD44, "A")+COUNTIF('Detailed Attendance'!DA44:DA44, "A")+COUNTIF('Detailed Attendance'!CH44:CH44, "A") | AS43: =IF((AQ43+AR43)=0,"", AQ43/(AQ43+AR43)) | AT43: =COUNTIF('Detailed Attendance'!DF44:DF44, "P")+COUNTIF('Detailed Attendance'!DT44:DT44, "P")+COUNTIF('Detailed Attendance'!EC44:EC44, "P")+COUNTIF('Detailed Attendance'!EQ44:EQ44, "P")+COUNTIF('Detailed Attendance'!EW44:EW44, "P")+COUNTIF('Detailed Attendance'!FK44:FK44, "P")+COUNTIF('Detailed Attendance'!FM44:FM44, "P")+COUNTIF('Detailed Attendance'!GA44:GA44, "P") | AU43: =COUNTIF('Detailed Attendance'!DF44:DF44, "A")+COUNTIF('Detailed Attendance'!DT44:DT44, "A")+COUNTIF('Detailed Attendance'!EC44:EC44, "A")+COUNTIF('Detailed Attendance'!EQ44:EQ44, "A")+COUNTIF('Detailed Attendance'!EW44:EW44, "A")+COUNTIF('Detailed Attendance'!FK44:FK44, "A")+COUNTIF('Detailed Attendance'!FM44:FM44, "A")+COUNTIF('Detailed Attendance'!GA44:GA44, "A") | AV43: =IF((AT43+AU43)=0,"", AT43/(AT43+AU43)) | AW43: =COUNTIF('Detailed Attendance'!DK44:DK44, "P")+COUNTIF('Detailed Attendance'!DS44:DS44, "P")+COUNTIF('Detailed Attendance'!EH44:EH44, "P")+COUNTIF('Detailed Attendance'!EP44:EP44, "P")+COUNTIF('Detailed Attendance'!FB44:FB44, "P")+COUNTIF('Detailed Attendance'!FJ44:FJ44, "P")+COUNTIF('Detailed Attendance'!FR44:FR44, "P")+COUNTIF('Detailed Attendance'!FZ44:FZ44, "P") | AX43: =COUNTIF('Detailed Attendance'!DK44:DK44, "A")+COUNTIF('Detailed Attendance'!DS44:DS44, "A")+COUNTIF('Detailed Attendance'!EH44:EH44, "A")+COUNTIF('Detailed Attendance'!EP44:EP44, "A")+COUNTIF('Detailed Attendance'!FB44:FB44, "A")+COUNTIF('Detailed Attendance'!FJ44:FJ44, "A")+COUNTIF('Detailed Attendance'!FR44:FR44, "A")+COUNTIF('Detailed Attendance'!FZ44:FZ44, "A") | AY43: =IF((AW43+AX43)=0,"", AW43/(AW43+AX43)) | AZ43: =COUNTIF('Detailed Attendance'!DN44:DN44, "P")+COUNTIF('Detailed Attendance'!DR44:DR44, "P")+COUNTIF('Detailed Attendance'!EK44:EK44, "P")+COUNTIF('Detailed Attendance'!EO44:EO44, "P")+COUNTIF('Detailed Attendance'!FE44:FE44, "P")+COUNTIF('Detailed Attendance'!FI44:FI44, "P")+COUNTIF('Detailed Attendance'!FU44:FU44, "P")+COUNTIF('Detailed Attendance'!FY44:FY44, "P") | BA43: =COUNTIF('Detailed Attendance'!DN44:DN44, "A")+COUNTIF('Detailed Attendance'!DR44:DR44, "A")+COUNTIF('Detailed Attendance'!EK44:EK44, "A")+COUNTIF('Detailed Attendance'!EO44:EO44, "A")+COUNTIF('Detailed Attendance'!FE44:FE44, "A")+COUNTIF('Detailed Attendance'!FI44:FI44, "A")+COUNTIF('Detailed Attendance'!FU44:FU44, "A")+COUNTIF('Detailed Attendance'!FY44:FY44, "A") | BB43: =IF((AZ43+BA43)=0,"", AZ43/(AZ43+BA43)) | BC43: =COUNTIF('Detailed Attendance'!DC44:DC44, "P")+COUNTIF('Detailed Attendance'!DV44:DV44, "P")+COUNTIF('Detailed Attendance'!DZ44:DZ44, "P")+COUNTIF('Detailed Attendance'!ES44:ES44, "P")+COUNTIF('Detailed Attendance'!GC44:GC44, "P")+COUNTIF('Detailed Attendance'!GG44:GG44, "P") | BD43: =COUNTIF('Detailed Attendance'!DC44:DC44, "A")+COUNTIF('Detailed Attendance'!DV44:DV44, "A")+COUNTIF('Detailed Attendance'!DZ44:DZ44, "A")+COUNTIF('Detailed Attendance'!ES44:ES44, "A")+COUNTIF('Detailed Attendance'!GC44:GC44, "A")+COUNTIF('Detailed Attendance'!GG44:GG44, "A") | BE43: =IF((BC43+BD43)=0,"", BC43/(BC43+BD43)) | BF43: =COUNTIF('Detailed Attendance'!DO44:DO44, "P")+COUNTIF('Detailed Attendance'!DW44:DW44, "P")+COUNTIF('Detailed Attendance'!EL44:EL44, "P")+COUNTIF('Detailed Attendance'!ET44:ET44, "P")+COUNTIF('Detailed Attendance'!FF44:FF44, "P")+COUNTIF('Detailed Attendance'!FV44:FV44, "P")+COUNTIF('Detailed Attendance'!GD44:GD44, "P") | BG43: =COUNTIF('Detailed Attendance'!DO44:DO44, "A")+COUNTIF('Detailed Attendance'!DW44:DW44, "A")+COUNTIF('Detailed Attendance'!EL44:EL44, "A")+COUNTIF('Detailed Attendance'!ET44:ET44, "A")+COUNTIF('Detailed Attendance'!FF44:FF44, "A")+COUNTIF('Detailed Attendance'!FV44:FV44, "A")+COUNTIF('Detailed Attendance'!GD44:GD44, "A") | BH43: =IF((BF43+BG43)=0,"", BF43/(BF43+BG43)) | BI43: =AT43+AW43+AZ43+BC43+BF43 | BJ43: =AU43+AX43+BA43+BD43+BG43 | BK43: =IF((BI43+BJ43)=0,"", BI43/(BI43+BJ43)) | BL43: =COUNTIF('Detailed Attendance'!DG44:DG44, "P")+COUNTIF('Detailed Attendance'!ED44:ED44, "P")+COUNTIF('Detailed Attendance'!EX44:EX44, "P")+COUNTIF('Detailed Attendance'!FN44:FN44, "P")+COUNTIF('Detailed Attendance'!DX44:DX44, "P")+COUNTIF('Detailed Attendance'!EU44:EU44, "P")+COUNTIF('Detailed Attendance'!GE44:GE44, "P")+COUNTIF('Detailed Attendance'!DE44:DE44, "P")+COUNTIF('Detailed Attendance'!EB44:EB44, "P")+COUNTIF('Detailed Attendance'!GI44:GI44, "P") | BM43: =COUNTIF('Detailed Attendance'!DG44:DG44, "A")+COUNTIF('Detailed Attendance'!ED44:ED44, "A")+COUNTIF('Detailed Attendance'!EX44:EX44, "A")+COUNTIF('Detailed Attendance'!FN44:FN44, "A")+COUNTIF('Detailed Attendance'!DX44:DX44, "A")+COUNTIF('Detailed Attendance'!EU44:EU44, "A")+COUNTIF('Detailed Attendance'!GE44:GE44, "A")+COUNTIF('Detailed Attendance'!DE44:DE44, "A")+COUNTIF('Detailed Attendance'!EB44:EB44, "A")+COUNTIF('Detailed Attendance'!GI44:GI44, "A") | BN43: =IF((BL43+BM43)=0,"", BL43/(BL43+BM43)) | BO43: =D43+Y43+AT43 | BP43: =E43+Z43+AU43 | BQ43: =IF((BO43+BP43)=0,"", BO43/(BO43+BP43)) | BR43: =G43+AB43+AW43 | BS43: =H43+AC43+AX43 | BT43: =IF((BR43+BS43)=0,"", BR43/(BR43+BS43)) | BU43: =J43+AE43+AZ43 | BV43: =K43+AF43+BA43 | BW43: =IF((BU43+BV43)=0,"", BU43/(BU43+BV43)) | BX43: =M43+AH43+BC43 | BY43: =N43+AI43+BD43 | BZ43: =IF((BX43+BY43)=0,"", BX43/(BX43+BY43)) | CA43: =P43+AK43+BF43 | CB43: =Q43+AL43+BG43 | CC43: =IF((CA43+CB43)=0,"", CA43/(CA43+CB43)) | CD43: =S43+AN43+BI43 | CE43: =T43+AO43+BJ43 | CF43: =IF((CD43+CE43)=0,"", CD43/(CD43+CE43)) | CG43: =V43+AQ43+BL43 | CH43: =W43+AR43+BM43 | CI43: =IF((CG43+CH43)=0,"", CG43/(CG43+CH43)) | CJ43: =CD43+(CG43*2) | CK43: =CE43+(CH43*2) | CL43: =IF((CJ43+CK43)=0,"", CJ43/(CJ43+CK43)) | CM43: Batch 1
A44: 42 | B44: 325106410042 | C44: SHANMUKHA RAO REDDI | D44: 0 | E44: 0 | F44: =IF((D44+E44)=0,"", D44/(D44+E44)) | G44: =COUNTIF('Detailed Attendance'!I45:I45, "P") | H44: =COUNTIF('Detailed Attendance'!I45:I45, "A") | I44: =IF((G44+H44)=0,"", G44/(G44+H44)) | J44: 0 | K44: 0 | L44: =IF((J44+K44)=0,"", J44/(J44+K44)) | M44: =COUNTIF('Detailed Attendance'!D45:D45, "P") | N44: =COUNTIF('Detailed Attendance'!D45:D45, "A") | O44: =IF((M44+N44)=0,"", M44/(M44+N44)) | P44: 0 | Q44: 0 | R44: =IF((P44+Q44)=0,"", P44/(P44+Q44)) | S44: =D44+G44+J44+M44+P44 | T44: =E44+H44+K44+N44+Q44 | U44: =IF((S44+T44)=0,"", S44/(S44+T44)) | V44: 0 | W44: 0 | X44: =IF((V44+W44)=0,"", V44/(V44+W44)) | Y44: =COUNTIF('Detailed Attendance'!R45:R45, "P")+COUNTIF('Detailed Attendance'!X45:X45, "P")+COUNTIF('Detailed Attendance'!AL45:AL45, "P")+COUNTIF('Detailed Attendance'!BF45:BF45, "P")+COUNTIF('Detailed Attendance'!BL45:BL45, "P")+COUNTIF('Detailed Attendance'!BZ45:BZ45, "P")+COUNTIF('Detailed Attendance'!CI45:CI45, "P")+COUNTIF('Detailed Attendance'!CW45:CW45, "P") | Z44: =COUNTIF('Detailed Attendance'!R45:R45, "A")+COUNTIF('Detailed Attendance'!X45:X45, "A")+COUNTIF('Detailed Attendance'!AL45:AL45, "A")+COUNTIF('Detailed Attendance'!BF45:BF45, "A")+COUNTIF('Detailed Attendance'!BL45:BL45, "A")+COUNTIF('Detailed Attendance'!BZ45:BZ45, "A")+COUNTIF('Detailed Attendance'!CI45:CI45, "A")+COUNTIF('Detailed Attendance'!CW45:CW45, "A") | AA44: =IF((Y44+Z44)=0,"", Y44/(Y44+Z44)) | AB44: =COUNTIF('Detailed Attendance'!Q45:Q45, "P")+COUNTIF('Detailed Attendance'!AC45:AC45, "P")+COUNTIF('Detailed Attendance'!AK45:AK45, "P")+COUNTIF('Detailed Attendance'!AW45:AW45, "P")+COUNTIF('Detailed Attendance'!BE45:BE45, "P")+COUNTIF('Detailed Attendance'!BQ45:BQ45, "P")+COUNTIF('Detailed Attendance'!BY45:BY45, "P")+COUNTIF('Detailed Attendance'!CN45:CN45, "P")+COUNTIF('Detailed Attendance'!CV45:CV45, "P") | AC44: =COUNTIF('Detailed Attendance'!Q45:Q45, "A")+COUNTIF('Detailed Attendance'!AC45:AC45, "A")+COUNTIF('Detailed Attendance'!AK45:AK45, "A")+COUNTIF('Detailed Attendance'!AW45:AW45, "A")+COUNTIF('Detailed Attendance'!BE45:BE45, "A")+COUNTIF('Detailed Attendance'!BQ45:BQ45, "A")+COUNTIF('Detailed Attendance'!BY45:BY45, "A")+COUNTIF('Detailed Attendance'!CN45:CN45, "A")+COUNTIF('Detailed Attendance'!CV45:CV45, "A") | AD44: =IF((AB44+AC44)=0,"", AB44/(AB44+AC44)) | AE44: =COUNTIF('Detailed Attendance'!L45:L45, "P")+COUNTIF('Detailed Attendance'!P45:P45, "P")+COUNTIF('Detailed Attendance'!AF45:AF45, "P")+COUNTIF('Detailed Attendance'!AJ45:AJ45, "P")+COUNTIF('Detailed Attendance'!AZ45:AZ45, "P")+COUNTIF('Detailed Attendance'!BD45:BD45, "P")+COUNTIF('Detailed Attendance'!BT45:BT45, "P")+COUNTIF('Detailed Attendance'!BX45:BX45, "P")+COUNTIF('Detailed Attendance'!CQ45:CQ45, "P")+COUNTIF('Detailed Attendance'!CU45:CU45, "P") | AF44: =COUNTIF('Detailed Attendance'!L45:L45, "A")+COUNTIF('Detailed Attendance'!P45:P45, "A")+COUNTIF('Detailed Attendance'!AF45:AF45, "A")+COUNTIF('Detailed Attendance'!AJ45:AJ45, "A")+COUNTIF('Detailed Attendance'!AZ45:AZ45, "A")+COUNTIF('Detailed Attendance'!BD45:BD45, "A")+COUNTIF('Detailed Attendance'!BT45:BT45, "A")+COUNTIF('Detailed Attendance'!BX45:BX45, "A")+COUNTIF('Detailed Attendance'!CQ45:CQ45, "A")+COUNTIF('Detailed Attendance'!CU45:CU45, "A") | AG44: =IF((AE44+AF44)=0,"", AE44/(AE44+AF44)) | AH44: =COUNTIF('Detailed Attendance'!T45:T45, "P")+COUNTIF('Detailed Attendance'!AN45:AN45, "P")+COUNTIF('Detailed Attendance'!AR45:AR45, "P")+COUNTIF('Detailed Attendance'!BH45:BH45, "P")+COUNTIF('Detailed Attendance'!CB45:CB45, "P")+COUNTIF('Detailed Attendance'!CF45:CF45, "P")+COUNTIF('Detailed Attendance'!CY45:CY45, "P") | AI44: =COUNTIF('Detailed Attendance'!T45:T45, "A")+COUNTIF('Detailed Attendance'!AN45:AN45, "A")+COUNTIF('Detailed Attendance'!AR45:AR45, "A")+COUNTIF('Detailed Attendance'!BH45:BH45, "A")+COUNTIF('Detailed Attendance'!CB45:CB45, "A")+COUNTIF('Detailed Attendance'!CF45:CF45, "A")+COUNTIF('Detailed Attendance'!CY45:CY45, "A") | AJ44: =IF((AH44+AI44)=0,"", AH44/(AH44+AI44)) | AK44: =COUNTIF('Detailed Attendance'!M45:M45, "P")+COUNTIF('Detailed Attendance'!U45:U45, "P")+COUNTIF('Detailed Attendance'!AG45:AG45, "P")+COUNTIF('Detailed Attendance'!AO45:AO45, "P")+COUNTIF('Detailed Attendance'!BA45:BA45, "P")+COUNTIF('Detailed Attendance'!BI45:BI45, "P")+COUNTIF('Detailed Attendance'!BU45:BU45, "P")+COUNTIF('Detailed Attendance'!CC45:CC45, "P")+COUNTIF('Detailed Attendance'!CR45:CR45, "P")+COUNTIF('Detailed Attendance'!CZ45:CZ45, "P") | AL44: =COUNTIF('Detailed Attendance'!M45:M45, "A")+COUNTIF('Detailed Attendance'!U45:U45, "A")+COUNTIF('Detailed Attendance'!AG45:AG45, "A")+COUNTIF('Detailed Attendance'!AO45:AO45, "A")+COUNTIF('Detailed Attendance'!BA45:BA45, "A")+COUNTIF('Detailed Attendance'!BI45:BI45, "A")+COUNTIF('Detailed Attendance'!BU45:BU45, "A")+COUNTIF('Detailed Attendance'!CC45:CC45, "A")+COUNTIF('Detailed Attendance'!CR45:CR45, "A")+COUNTIF('Detailed Attendance'!CZ45:CZ45, "A") | AM44: =IF((AK44+AL44)=0,"", AK44/(AK44+AL44)) | AN44: =Y44+AB44+AE44+AH44+AK44 | AO44: =Z44+AC44+AF44+AI44+AL44 | AP44: =IF((AN44+AO44)=0,"", AN44/(AN44+AO44)) | AQ44: =COUNTIF('Detailed Attendance'!CG45:CG45, "P")+COUNTIF('Detailed Attendance'!CH45:CH45, "P")+COUNTIF('Detailed Attendance'!V45:V45, "P")+COUNTIF('Detailed Attendance'!AP45:AP45, "P")+COUNTIF('Detailed Attendance'!BJ45:BJ45, "P")+COUNTIF('Detailed Attendance'!CD45:CD45, "P")+COUNTIF('Detailed Attendance'!DA45:DA45, "P") | AR44: =COUNTIF('Detailed Attendance'!CG45:CG45, "A")+COUNTIF('Detailed Attendance'!CH45:CH45, "A")+COUNTIF('Detailed Attendance'!V45:V45, "A")+COUNTIF('Detailed Attendance'!AP45:AP45, "A")+COUNTIF('Detailed Attendance'!BJ45:BJ45, "A")+COUNTIF('Detailed Attendance'!CD45:CD45, "A")+COUNTIF('Detailed Attendance'!DA45:DA45, "A") | AS44: =IF((AQ44+AR44)=0,"", AQ44/(AQ44+AR44)) | AT44: =COUNTIF('Detailed Attendance'!DF45:DF45, "P")+COUNTIF('Detailed Attendance'!DT45:DT45, "P")+COUNTIF('Detailed Attendance'!EC45:EC45, "P")+COUNTIF('Detailed Attendance'!EQ45:EQ45, "P")+COUNTIF('Detailed Attendance'!EW45:EW45, "P")+COUNTIF('Detailed Attendance'!FK45:FK45, "P")+COUNTIF('Detailed Attendance'!FM45:FM45, "P")+COUNTIF('Detailed Attendance'!GA45:GA45, "P") | AU44: =COUNTIF('Detailed Attendance'!DF45:DF45, "A")+COUNTIF('Detailed Attendance'!DT45:DT45, "A")+COUNTIF('Detailed Attendance'!EC45:EC45, "A")+COUNTIF('Detailed Attendance'!EQ45:EQ45, "A")+COUNTIF('Detailed Attendance'!EW45:EW45, "A")+COUNTIF('Detailed Attendance'!FK45:FK45, "A")+COUNTIF('Detailed Attendance'!FM45:FM45, "A")+COUNTIF('Detailed Attendance'!GA45:GA45, "A") | AV44: =IF((AT44+AU44)=0,"", AT44/(AT44+AU44)) | AW44: =COUNTIF('Detailed Attendance'!DK45:DK45, "P")+COUNTIF('Detailed Attendance'!DS45:DS45, "P")+COUNTIF('Detailed Attendance'!EH45:EH45, "P")+COUNTIF('Detailed Attendance'!EP45:EP45, "P")+COUNTIF('Detailed Attendance'!FB45:FB45, "P")+COUNTIF('Detailed Attendance'!FJ45:FJ45, "P")+COUNTIF('Detailed Attendance'!FR45:FR45, "P")+COUNTIF('Detailed Attendance'!FZ45:FZ45, "P") | AX44: =COUNTIF('Detailed Attendance'!DK45:DK45, "A")+COUNTIF('Detailed Attendance'!DS45:DS45, "A")+COUNTIF('Detailed Attendance'!EH45:EH45, "A")+COUNTIF('Detailed Attendance'!EP45:EP45, "A")+COUNTIF('Detailed Attendance'!FB45:FB45, "A")+COUNTIF('Detailed Attendance'!FJ45:FJ45, "A")+COUNTIF('Detailed Attendance'!FR45:FR45, "A")+COUNTIF('Detailed Attendance'!FZ45:FZ45, "A") | AY44: =IF((AW44+AX44)=0,"", AW44/(AW44+AX44)) | AZ44: =COUNTIF('Detailed Attendance'!DN45:DN45, "P")+COUNTIF('Detailed Attendance'!DR45:DR45, "P")+COUNTIF('Detailed Attendance'!EK45:EK45, "P")+COUNTIF('Detailed Attendance'!EO45:EO45, "P")+COUNTIF('Detailed Attendance'!FE45:FE45, "P")+COUNTIF('Detailed Attendance'!FI45:FI45, "P")+COUNTIF('Detailed Attendance'!FU45:FU45, "P")+COUNTIF('Detailed Attendance'!FY45:FY45, "P") | BA44: =COUNTIF('Detailed Attendance'!DN45:DN45, "A")+COUNTIF('Detailed Attendance'!DR45:DR45, "A")+COUNTIF('Detailed Attendance'!EK45:EK45, "A")+COUNTIF('Detailed Attendance'!EO45:EO45, "A")+COUNTIF('Detailed Attendance'!FE45:FE45, "A")+COUNTIF('Detailed Attendance'!FI45:FI45, "A")+COUNTIF('Detailed Attendance'!FU45:FU45, "A")+COUNTIF('Detailed Attendance'!FY45:FY45, "A") | BB44: =IF((AZ44+BA44)=0,"", AZ44/(AZ44+BA44)) | BC44: =COUNTIF('Detailed Attendance'!DC45:DC45, "P")+COUNTIF('Detailed Attendance'!DV45:DV45, "P")+COUNTIF('Detailed Attendance'!DZ45:DZ45, "P")+COUNTIF('Detailed Attendance'!ES45:ES45, "P")+COUNTIF('Detailed Attendance'!GC45:GC45, "P")+COUNTIF('Detailed Attendance'!GG45:GG45, "P") | BD44: =COUNTIF('Detailed Attendance'!DC45:DC45, "A")+COUNTIF('Detailed Attendance'!DV45:DV45, "A")+COUNTIF('Detailed Attendance'!DZ45:DZ45, "A")+COUNTIF('Detailed Attendance'!ES45:ES45, "A")+COUNTIF('Detailed Attendance'!GC45:GC45, "A")+COUNTIF('Detailed Attendance'!GG45:GG45, "A") | BE44: =IF((BC44+BD44)=0,"", BC44/(BC44+BD44)) | BF44: =COUNTIF('Detailed Attendance'!DO45:DO45, "P")+COUNTIF('Detailed Attendance'!DW45:DW45, "P")+COUNTIF('Detailed Attendance'!EL45:EL45, "P")+COUNTIF('Detailed Attendance'!ET45:ET45, "P")+COUNTIF('Detailed Attendance'!FF45:FF45, "P")+COUNTIF('Detailed Attendance'!FV45:FV45, "P")+COUNTIF('Detailed Attendance'!GD45:GD45, "P") | BG44: =COUNTIF('Detailed Attendance'!DO45:DO45, "A")+COUNTIF('Detailed Attendance'!DW45:DW45, "A")+COUNTIF('Detailed Attendance'!EL45:EL45, "A")+COUNTIF('Detailed Attendance'!ET45:ET45, "A")+COUNTIF('Detailed Attendance'!FF45:FF45, "A")+COUNTIF('Detailed Attendance'!FV45:FV45, "A")+COUNTIF('Detailed Attendance'!GD45:GD45, "A") | BH44: =IF((BF44+BG44)=0,"", BF44/(BF44+BG44)) | BI44: =AT44+AW44+AZ44+BC44+BF44 | BJ44: =AU44+AX44+BA44+BD44+BG44 | BK44: =IF((BI44+BJ44)=0,"", BI44/(BI44+BJ44)) | BL44: =COUNTIF('Detailed Attendance'!DD45:DD45, "P")+COUNTIF('Detailed Attendance'!EA45:EA45, "P")+COUNTIF('Detailed Attendance'!GH45:GH45, "P")+COUNTIF('Detailed Attendance'!DE45:DE45, "P")+COUNTIF('Detailed Attendance'!EB45:EB45, "P")+COUNTIF('Detailed Attendance'!GI45:GI45, "P")+COUNTIF('Detailed Attendance'!DX45:DX45, "P")+COUNTIF('Detailed Attendance'!EU45:EU45, "P")+COUNTIF('Detailed Attendance'!GE45:GE45, "P") | BM44: =COUNTIF('Detailed Attendance'!DD45:DD45, "A")+COUNTIF('Detailed Attendance'!EA45:EA45, "A")+COUNTIF('Detailed Attendance'!GH45:GH45, "A")+COUNTIF('Detailed Attendance'!DE45:DE45, "A")+COUNTIF('Detailed Attendance'!EB45:EB45, "A")+COUNTIF('Detailed Attendance'!GI45:GI45, "A")+COUNTIF('Detailed Attendance'!DX45:DX45, "A")+COUNTIF('Detailed Attendance'!EU45:EU45, "A")+COUNTIF('Detailed Attendance'!GE45:GE45, "A") | BN44: =IF((BL44+BM44)=0,"", BL44/(BL44+BM44)) | BO44: =D44+Y44+AT44 | BP44: =E44+Z44+AU44 | BQ44: =IF((BO44+BP44)=0,"", BO44/(BO44+BP44)) | BR44: =G44+AB44+AW44 | BS44: =H44+AC44+AX44 | BT44: =IF((BR44+BS44)=0,"", BR44/(BR44+BS44)) | BU44: =J44+AE44+AZ44 | BV44: =K44+AF44+BA44 | BW44: =IF((BU44+BV44)=0,"", BU44/(BU44+BV44)) | BX44: =M44+AH44+BC44 | BY44: =N44+AI44+BD44 | BZ44: =IF((BX44+BY44)=0,"", BX44/(BX44+BY44)) | CA44: =P44+AK44+BF44 | CB44: =Q44+AL44+BG44 | CC44: =IF((CA44+CB44)=0,"", CA44/(CA44+CB44)) | CD44: =S44+AN44+BI44 | CE44: =T44+AO44+BJ44 | CF44: =IF((CD44+CE44)=0,"", CD44/(CD44+CE44)) | CG44: =V44+AQ44+BL44 | CH44: =W44+AR44+BM44 | CI44: =IF((CG44+CH44)=0,"", CG44/(CG44+CH44)) | CJ44: =CD44+(CG44*2) | CK44: =CE44+(CH44*2) | CL44: =IF((CJ44+CK44)=0,"", CJ44/(CJ44+CK44)) | CM44: Batch 2
A45: 43 | B45: 325106410043 | C45: YASWANTH DURGA PRAVEEN REVADI | D45: 0 | E45: 0 | F45: =IF((D45+E45)=0,"", D45/(D45+E45)) | G45: =COUNTIF('Detailed Attendance'!I46:I46, "P") | H45: =COUNTIF('Detailed Attendance'!I46:I46, "A") | I45: =IF((G45+H45)=0,"", G45/(G45+H45)) | J45: 0 | K45: 0 | L45: =IF((J45+K45)=0,"", J45/(J45+K45)) | M45: =COUNTIF('Detailed Attendance'!D46:D46, "P") | N45: =COUNTIF('Detailed Attendance'!D46:D46, "A") | O45: =IF((M45+N45)=0,"", M45/(M45+N45)) | P45: 0 | Q45: 0 | R45: =IF((P45+Q45)=0,"", P45/(P45+Q45)) | S45: =D45+G45+J45+M45+P45 | T45: =E45+H45+K45+N45+Q45 | U45: =IF((S45+T45)=0,"", S45/(S45+T45)) | V45: 0 | W45: 0 | X45: =IF((V45+W45)=0,"", V45/(V45+W45)) | Y45: =COUNTIF('Detailed Attendance'!R46:R46, "P")+COUNTIF('Detailed Attendance'!X46:X46, "P")+COUNTIF('Detailed Attendance'!AL46:AL46, "P")+COUNTIF('Detailed Attendance'!BF46:BF46, "P")+COUNTIF('Detailed Attendance'!BL46:BL46, "P")+COUNTIF('Detailed Attendance'!BZ46:BZ46, "P")+COUNTIF('Detailed Attendance'!CI46:CI46, "P")+COUNTIF('Detailed Attendance'!CW46:CW46, "P") | Z45: =COUNTIF('Detailed Attendance'!R46:R46, "A")+COUNTIF('Detailed Attendance'!X46:X46, "A")+COUNTIF('Detailed Attendance'!AL46:AL46, "A")+COUNTIF('Detailed Attendance'!BF46:BF46, "A")+COUNTIF('Detailed Attendance'!BL46:BL46, "A")+COUNTIF('Detailed Attendance'!BZ46:BZ46, "A")+COUNTIF('Detailed Attendance'!CI46:CI46, "A")+COUNTIF('Detailed Attendance'!CW46:CW46, "A") | AA45: =IF((Y45+Z45)=0,"", Y45/(Y45+Z45)) | AB45: =COUNTIF('Detailed Attendance'!Q46:Q46, "P")+COUNTIF('Detailed Attendance'!AC46:AC46, "P")+COUNTIF('Detailed Attendance'!AK46:AK46, "P")+COUNTIF('Detailed Attendance'!AW46:AW46, "P")+COUNTIF('Detailed Attendance'!BE46:BE46, "P")+COUNTIF('Detailed Attendance'!BQ46:BQ46, "P")+COUNTIF('Detailed Attendance'!BY46:BY46, "P")+COUNTIF('Detailed Attendance'!CN46:CN46, "P")+COUNTIF('Detailed Attendance'!CV46:CV46, "P") | AC45: =COUNTIF('Detailed Attendance'!Q46:Q46, "A")+COUNTIF('Detailed Attendance'!AC46:AC46, "A")+COUNTIF('Detailed Attendance'!AK46:AK46, "A")+COUNTIF('Detailed Attendance'!AW46:AW46, "A")+COUNTIF('Detailed Attendance'!BE46:BE46, "A")+COUNTIF('Detailed Attendance'!BQ46:BQ46, "A")+COUNTIF('Detailed Attendance'!BY46:BY46, "A")+COUNTIF('Detailed Attendance'!CN46:CN46, "A")+COUNTIF('Detailed Attendance'!CV46:CV46, "A") | AD45: =IF((AB45+AC45)=0,"", AB45/(AB45+AC45)) | AE45: =COUNTIF('Detailed Attendance'!L46:L46, "P")+COUNTIF('Detailed Attendance'!P46:P46, "P")+COUNTIF('Detailed Attendance'!AF46:AF46, "P")+COUNTIF('Detailed Attendance'!AJ46:AJ46, "P")+COUNTIF('Detailed Attendance'!AZ46:AZ46, "P")+COUNTIF('Detailed Attendance'!BD46:BD46, "P")+COUNTIF('Detailed Attendance'!BT46:BT46, "P")+COUNTIF('Detailed Attendance'!BX46:BX46, "P")+COUNTIF('Detailed Attendance'!CQ46:CQ46, "P")+COUNTIF('Detailed Attendance'!CU46:CU46, "P") | AF45: =COUNTIF('Detailed Attendance'!L46:L46, "A")+COUNTIF('Detailed Attendance'!P46:P46, "A")+COUNTIF('Detailed Attendance'!AF46:AF46, "A")+COUNTIF('Detailed Attendance'!AJ46:AJ46, "A")+COUNTIF('Detailed Attendance'!AZ46:AZ46, "A")+COUNTIF('Detailed Attendance'!BD46:BD46, "A")+COUNTIF('Detailed Attendance'!BT46:BT46, "A")+COUNTIF('Detailed Attendance'!BX46:BX46, "A")+COUNTIF('Detailed Attendance'!CQ46:CQ46, "A")+COUNTIF('Detailed Attendance'!CU46:CU46, "A") | AG45: =IF((AE45+AF45)=0,"", AE45/(AE45+AF45)) | AH45: =COUNTIF('Detailed Attendance'!T46:T46, "P")+COUNTIF('Detailed Attendance'!AN46:AN46, "P")+COUNTIF('Detailed Attendance'!AR46:AR46, "P")+COUNTIF('Detailed Attendance'!BH46:BH46, "P")+COUNTIF('Detailed Attendance'!CB46:CB46, "P")+COUNTIF('Detailed Attendance'!CF46:CF46, "P")+COUNTIF('Detailed Attendance'!CY46:CY46, "P") | AI45: =COUNTIF('Detailed Attendance'!T46:T46, "A")+COUNTIF('Detailed Attendance'!AN46:AN46, "A")+COUNTIF('Detailed Attendance'!AR46:AR46, "A")+COUNTIF('Detailed Attendance'!BH46:BH46, "A")+COUNTIF('Detailed Attendance'!CB46:CB46, "A")+COUNTIF('Detailed Attendance'!CF46:CF46, "A")+COUNTIF('Detailed Attendance'!CY46:CY46, "A") | AJ45: =IF((AH45+AI45)=0,"", AH45/(AH45+AI45)) | AK45: =COUNTIF('Detailed Attendance'!M46:M46, "P")+COUNTIF('Detailed Attendance'!U46:U46, "P")+COUNTIF('Detailed Attendance'!AG46:AG46, "P")+COUNTIF('Detailed Attendance'!AO46:AO46, "P")+COUNTIF('Detailed Attendance'!BA46:BA46, "P")+COUNTIF('Detailed Attendance'!BI46:BI46, "P")+COUNTIF('Detailed Attendance'!BU46:BU46, "P")+COUNTIF('Detailed Attendance'!CC46:CC46, "P")+COUNTIF('Detailed Attendance'!CR46:CR46, "P")+COUNTIF('Detailed Attendance'!CZ46:CZ46, "P") | AL45: =COUNTIF('Detailed Attendance'!M46:M46, "A")+COUNTIF('Detailed Attendance'!U46:U46, "A")+COUNTIF('Detailed Attendance'!AG46:AG46, "A")+COUNTIF('Detailed Attendance'!AO46:AO46, "A")+COUNTIF('Detailed Attendance'!BA46:BA46, "A")+COUNTIF('Detailed Attendance'!BI46:BI46, "A")+COUNTIF('Detailed Attendance'!BU46:BU46, "A")+COUNTIF('Detailed Attendance'!CC46:CC46, "A")+COUNTIF('Detailed Attendance'!CR46:CR46, "A")+COUNTIF('Detailed Attendance'!CZ46:CZ46, "A") | AM45: =IF((AK45+AL45)=0,"", AK45/(AK45+AL45)) | AN45: =Y45+AB45+AE45+AH45+AK45 | AO45: =Z45+AC45+AF45+AI45+AL45 | AP45: =IF((AN45+AO45)=0,"", AN45/(AN45+AO45)) | AQ45: =COUNTIF('Detailed Attendance'!CG46:CG46, "P")+COUNTIF('Detailed Attendance'!CH46:CH46, "P")+COUNTIF('Detailed Attendance'!V46:V46, "P")+COUNTIF('Detailed Attendance'!AP46:AP46, "P")+COUNTIF('Detailed Attendance'!BJ46:BJ46, "P")+COUNTIF('Detailed Attendance'!CD46:CD46, "P")+COUNTIF('Detailed Attendance'!DA46:DA46, "P") | AR45: =COUNTIF('Detailed Attendance'!CG46:CG46, "A")+COUNTIF('Detailed Attendance'!CH46:CH46, "A")+COUNTIF('Detailed Attendance'!V46:V46, "A")+COUNTIF('Detailed Attendance'!AP46:AP46, "A")+COUNTIF('Detailed Attendance'!BJ46:BJ46, "A")+COUNTIF('Detailed Attendance'!CD46:CD46, "A")+COUNTIF('Detailed Attendance'!DA46:DA46, "A") | AS45: =IF((AQ45+AR45)=0,"", AQ45/(AQ45+AR45)) | AT45: =COUNTIF('Detailed Attendance'!DF46:DF46, "P")+COUNTIF('Detailed Attendance'!DT46:DT46, "P")+COUNTIF('Detailed Attendance'!EC46:EC46, "P")+COUNTIF('Detailed Attendance'!EQ46:EQ46, "P")+COUNTIF('Detailed Attendance'!EW46:EW46, "P")+COUNTIF('Detailed Attendance'!FK46:FK46, "P")+COUNTIF('Detailed Attendance'!FM46:FM46, "P")+COUNTIF('Detailed Attendance'!GA46:GA46, "P") | AU45: =COUNTIF('Detailed Attendance'!DF46:DF46, "A")+COUNTIF('Detailed Attendance'!DT46:DT46, "A")+COUNTIF('Detailed Attendance'!EC46:EC46, "A")+COUNTIF('Detailed Attendance'!EQ46:EQ46, "A")+COUNTIF('Detailed Attendance'!EW46:EW46, "A")+COUNTIF('Detailed Attendance'!FK46:FK46, "A")+COUNTIF('Detailed Attendance'!FM46:FM46, "A")+COUNTIF('Detailed Attendance'!GA46:GA46, "A") | AV45: =IF((AT45+AU45)=0,"", AT45/(AT45+AU45)) | AW45: =COUNTIF('Detailed Attendance'!DK46:DK46, "P")+COUNTIF('Detailed Attendance'!DS46:DS46, "P")+COUNTIF('Detailed Attendance'!EH46:EH46, "P")+COUNTIF('Detailed Attendance'!EP46:EP46, "P")+COUNTIF('Detailed Attendance'!FB46:FB46, "P")+COUNTIF('Detailed Attendance'!FJ46:FJ46, "P")+COUNTIF('Detailed Attendance'!FR46:FR46, "P")+COUNTIF('Detailed Attendance'!FZ46:FZ46, "P") | AX45: =COUNTIF('Detailed Attendance'!DK46:DK46, "A")+COUNTIF('Detailed Attendance'!DS46:DS46, "A")+COUNTIF('Detailed Attendance'!EH46:EH46, "A")+COUNTIF('Detailed Attendance'!EP46:EP46, "A")+COUNTIF('Detailed Attendance'!FB46:FB46, "A")+COUNTIF('Detailed Attendance'!FJ46:FJ46, "A")+COUNTIF('Detailed Attendance'!FR46:FR46, "A")+COUNTIF('Detailed Attendance'!FZ46:FZ46, "A") | AY45: =IF((AW45+AX45)=0,"", AW45/(AW45+AX45)) | AZ45: =COUNTIF('Detailed Attendance'!DN46:DN46, "P")+COUNTIF('Detailed Attendance'!DR46:DR46, "P")+COUNTIF('Detailed Attendance'!EK46:EK46, "P")+COUNTIF('Detailed Attendance'!EO46:EO46, "P")+COUNTIF('Detailed Attendance'!FE46:FE46, "P")+COUNTIF('Detailed Attendance'!FI46:FI46, "P")+COUNTIF('Detailed Attendance'!FU46:FU46, "P")+COUNTIF('Detailed Attendance'!FY46:FY46, "P") | BA45: =COUNTIF('Detailed Attendance'!DN46:DN46, "A")+COUNTIF('Detailed Attendance'!DR46:DR46, "A")+COUNTIF('Detailed Attendance'!EK46:EK46, "A")+COUNTIF('Detailed Attendance'!EO46:EO46, "A")+COUNTIF('Detailed Attendance'!FE46:FE46, "A")+COUNTIF('Detailed Attendance'!FI46:FI46, "A")+COUNTIF('Detailed Attendance'!FU46:FU46, "A")+COUNTIF('Detailed Attendance'!FY46:FY46, "A") | BB45: =IF((AZ45+BA45)=0,"", AZ45/(AZ45+BA45)) | BC45: =COUNTIF('Detailed Attendance'!DC46:DC46, "P")+COUNTIF('Detailed Attendance'!DV46:DV46, "P")+COUNTIF('Detailed Attendance'!DZ46:DZ46, "P")+COUNTIF('Detailed Attendance'!ES46:ES46, "P")+COUNTIF('Detailed Attendance'!GC46:GC46, "P")+COUNTIF('Detailed Attendance'!GG46:GG46, "P") | BD45: =COUNTIF('Detailed Attendance'!DC46:DC46, "A")+COUNTIF('Detailed Attendance'!DV46:DV46, "A")+COUNTIF('Detailed Attendance'!DZ46:DZ46, "A")+COUNTIF('Detailed Attendance'!ES46:ES46, "A")+COUNTIF('Detailed Attendance'!GC46:GC46, "A")+COUNTIF('Detailed Attendance'!GG46:GG46, "A") | BE45: =IF((BC45+BD45)=0,"", BC45/(BC45+BD45)) | BF45: =COUNTIF('Detailed Attendance'!DO46:DO46, "P")+COUNTIF('Detailed Attendance'!DW46:DW46, "P")+COUNTIF('Detailed Attendance'!EL46:EL46, "P")+COUNTIF('Detailed Attendance'!ET46:ET46, "P")+COUNTIF('Detailed Attendance'!FF46:FF46, "P")+COUNTIF('Detailed Attendance'!FV46:FV46, "P")+COUNTIF('Detailed Attendance'!GD46:GD46, "P") | BG45: =COUNTIF('Detailed Attendance'!DO46:DO46, "A")+COUNTIF('Detailed Attendance'!DW46:DW46, "A")+COUNTIF('Detailed Attendance'!EL46:EL46, "A")+COUNTIF('Detailed Attendance'!ET46:ET46, "A")+COUNTIF('Detailed Attendance'!FF46:FF46, "A")+COUNTIF('Detailed Attendance'!FV46:FV46, "A")+COUNTIF('Detailed Attendance'!GD46:GD46, "A") | BH45: =IF((BF45+BG45)=0,"", BF45/(BF45+BG45)) | BI45: =AT45+AW45+AZ45+BC45+BF45 | BJ45: =AU45+AX45+BA45+BD45+BG45 | BK45: =IF((BI45+BJ45)=0,"", BI45/(BI45+BJ45)) | BL45: =COUNTIF('Detailed Attendance'!DD46:DD46, "P")+COUNTIF('Detailed Attendance'!EA46:EA46, "P")+COUNTIF('Detailed Attendance'!GH46:GH46, "P")+COUNTIF('Detailed Attendance'!DE46:DE46, "P")+COUNTIF('Detailed Attendance'!EB46:EB46, "P")+COUNTIF('Detailed Attendance'!GI46:GI46, "P")+COUNTIF('Detailed Attendance'!DX46:DX46, "P")+COUNTIF('Detailed Attendance'!EU46:EU46, "P")+COUNTIF('Detailed Attendance'!GE46:GE46, "P") | BM45: =COUNTIF('Detailed Attendance'!DD46:DD46, "A")+COUNTIF('Detailed Attendance'!EA46:EA46, "A")+COUNTIF('Detailed Attendance'!GH46:GH46, "A")+COUNTIF('Detailed Attendance'!DE46:DE46, "A")+COUNTIF('Detailed Attendance'!EB46:EB46, "A")+COUNTIF('Detailed Attendance'!GI46:GI46, "A")+COUNTIF('Detailed Attendance'!DX46:DX46, "A")+COUNTIF('Detailed Attendance'!EU46:EU46, "A")+COUNTIF('Detailed Attendance'!GE46:GE46, "A") | BN45: =IF((BL45+BM45)=0,"", BL45/(BL45+BM45)) | BO45: =D45+Y45+AT45 | BP45: =E45+Z45+AU45 | BQ45: =IF((BO45+BP45)=0,"", BO45/(BO45+BP45)) | BR45: =G45+AB45+AW45 | BS45: =H45+AC45+AX45 | BT45: =IF((BR45+BS45)=0,"", BR45/(BR45+BS45)) | BU45: =J45+AE45+AZ45 | BV45: =K45+AF45+BA45 | BW45: =IF((BU45+BV45)=0,"", BU45/(BU45+BV45)) | BX45: =M45+AH45+BC45 | BY45: =N45+AI45+BD45 | BZ45: =IF((BX45+BY45)=0,"", BX45/(BX45+BY45)) | CA45: =P45+AK45+BF45 | CB45: =Q45+AL45+BG45 | CC45: =IF((CA45+CB45)=0,"", CA45/(CA45+CB45)) | CD45: =S45+AN45+BI45 | CE45: =T45+AO45+BJ45 | CF45: =IF((CD45+CE45)=0,"", CD45/(CD45+CE45)) | CG45: =V45+AQ45+BL45 | CH45: =W45+AR45+BM45 | CI45: =IF((CG45+CH45)=0,"", CG45/(CG45+CH45)) | CJ45: =CD45+(CG45*2) | CK45: =CE45+(CH45*2) | CL45: =IF((CJ45+CK45)=0,"", CJ45/(CJ45+CK45)) | CM45: Batch 2
A46: 44 | B46: 325106410044 | C46: TANUSREE ROUTHU | D46: 0 | E46: 0 | F46: =IF((D46+E46)=0,"", D46/(D46+E46)) | G46: =COUNTIF('Detailed Attendance'!I47:I47, "P") | H46: =COUNTIF('Detailed Attendance'!I47:I47, "A") | I46: =IF((G46+H46)=0,"", G46/(G46+H46)) | J46: 0 | K46: 0 | L46: =IF((J46+K46)=0,"", J46/(J46+K46)) | M46: =COUNTIF('Detailed Attendance'!D47:D47, "P") | N46: =COUNTIF('Detailed Attendance'!D47:D47, "A") | O46: =IF((M46+N46)=0,"", M46/(M46+N46)) | P46: 0 | Q46: 0 | R46: =IF((P46+Q46)=0,"", P46/(P46+Q46)) | S46: =D46+G46+J46+M46+P46 | T46: =E46+H46+K46+N46+Q46 | U46: =IF((S46+T46)=0,"", S46/(S46+T46)) | V46: 0 | W46: 0 | X46: =IF((V46+W46)=0,"", V46/(V46+W46)) | Y46: =COUNTIF('Detailed Attendance'!R47:R47, "P")+COUNTIF('Detailed Attendance'!X47:X47, "P")+COUNTIF('Detailed Attendance'!AL47:AL47, "P")+COUNTIF('Detailed Attendance'!BF47:BF47, "P")+COUNTIF('Detailed Attendance'!BL47:BL47, "P")+COUNTIF('Detailed Attendance'!BZ47:BZ47, "P")+COUNTIF('Detailed Attendance'!CI47:CI47, "P")+COUNTIF('Detailed Attendance'!CW47:CW47, "P") | Z46: =COUNTIF('Detailed Attendance'!R47:R47, "A")+COUNTIF('Detailed Attendance'!X47:X47, "A")+COUNTIF('Detailed Attendance'!AL47:AL47, "A")+COUNTIF('Detailed Attendance'!BF47:BF47, "A")+COUNTIF('Detailed Attendance'!BL47:BL47, "A")+COUNTIF('Detailed Attendance'!BZ47:BZ47, "A")+COUNTIF('Detailed Attendance'!CI47:CI47, "A")+COUNTIF('Detailed Attendance'!CW47:CW47, "A") | AA46: =IF((Y46+Z46)=0,"", Y46/(Y46+Z46)) | AB46: =COUNTIF('Detailed Attendance'!Q47:Q47, "P")+COUNTIF('Detailed Attendance'!AC47:AC47, "P")+COUNTIF('Detailed Attendance'!AK47:AK47, "P")+COUNTIF('Detailed Attendance'!AW47:AW47, "P")+COUNTIF('Detailed Attendance'!BE47:BE47, "P")+COUNTIF('Detailed Attendance'!BQ47:BQ47, "P")+COUNTIF('Detailed Attendance'!BY47:BY47, "P")+COUNTIF('Detailed Attendance'!CN47:CN47, "P")+COUNTIF('Detailed Attendance'!CV47:CV47, "P") | AC46: =COUNTIF('Detailed Attendance'!Q47:Q47, "A")+COUNTIF('Detailed Attendance'!AC47:AC47, "A")+COUNTIF('Detailed Attendance'!AK47:AK47, "A")+COUNTIF('Detailed Attendance'!AW47:AW47, "A")+COUNTIF('Detailed Attendance'!BE47:BE47, "A")+COUNTIF('Detailed Attendance'!BQ47:BQ47, "A")+COUNTIF('Detailed Attendance'!BY47:BY47, "A")+COUNTIF('Detailed Attendance'!CN47:CN47, "A")+COUNTIF('Detailed Attendance'!CV47:CV47, "A") | AD46: =IF((AB46+AC46)=0,"", AB46/(AB46+AC46)) | AE46: =COUNTIF('Detailed Attendance'!L47:L47, "P")+COUNTIF('Detailed Attendance'!P47:P47, "P")+COUNTIF('Detailed Attendance'!AF47:AF47, "P")+COUNTIF('Detailed Attendance'!AJ47:AJ47, "P")+COUNTIF('Detailed Attendance'!AZ47:AZ47, "P")+COUNTIF('Detailed Attendance'!BD47:BD47, "P")+COUNTIF('Detailed Attendance'!BT47:BT47, "P")+COUNTIF('Detailed Attendance'!BX47:BX47, "P")+COUNTIF('Detailed Attendance'!CQ47:CQ47, "P")+COUNTIF('Detailed Attendance'!CU47:CU47, "P") | AF46: =COUNTIF('Detailed Attendance'!L47:L47, "A")+COUNTIF('Detailed Attendance'!P47:P47, "A")+COUNTIF('Detailed Attendance'!AF47:AF47, "A")+COUNTIF('Detailed Attendance'!AJ47:AJ47, "A")+COUNTIF('Detailed Attendance'!AZ47:AZ47, "A")+COUNTIF('Detailed Attendance'!BD47:BD47, "A")+COUNTIF('Detailed Attendance'!BT47:BT47, "A")+COUNTIF('Detailed Attendance'!BX47:BX47, "A")+COUNTIF('Detailed Attendance'!CQ47:CQ47, "A")+COUNTIF('Detailed Attendance'!CU47:CU47, "A") | AG46: =IF((AE46+AF46)=0,"", AE46/(AE46+AF46)) | AH46: =COUNTIF('Detailed Attendance'!T47:T47, "P")+COUNTIF('Detailed Attendance'!AN47:AN47, "P")+COUNTIF('Detailed Attendance'!AR47:AR47, "P")+COUNTIF('Detailed Attendance'!BH47:BH47, "P")+COUNTIF('Detailed Attendance'!CB47:CB47, "P")+COUNTIF('Detailed Attendance'!CF47:CF47, "P")+COUNTIF('Detailed Attendance'!CY47:CY47, "P") | AI46: =COUNTIF('Detailed Attendance'!T47:T47, "A")+COUNTIF('Detailed Attendance'!AN47:AN47, "A")+COUNTIF('Detailed Attendance'!AR47:AR47, "A")+COUNTIF('Detailed Attendance'!BH47:BH47, "A")+COUNTIF('Detailed Attendance'!CB47:CB47, "A")+COUNTIF('Detailed Attendance'!CF47:CF47, "A")+COUNTIF('Detailed Attendance'!CY47:CY47, "A") | AJ46: =IF((AH46+AI46)=0,"", AH46/(AH46+AI46)) | AK46: =COUNTIF('Detailed Attendance'!M47:M47, "P")+COUNTIF('Detailed Attendance'!U47:U47, "P")+COUNTIF('Detailed Attendance'!AG47:AG47, "P")+COUNTIF('Detailed Attendance'!AO47:AO47, "P")+COUNTIF('Detailed Attendance'!BA47:BA47, "P")+COUNTIF('Detailed Attendance'!BI47:BI47, "P")+COUNTIF('Detailed Attendance'!BU47:BU47, "P")+COUNTIF('Detailed Attendance'!CC47:CC47, "P")+COUNTIF('Detailed Attendance'!CR47:CR47, "P")+COUNTIF('Detailed Attendance'!CZ47:CZ47, "P") | AL46: =COUNTIF('Detailed Attendance'!M47:M47, "A")+COUNTIF('Detailed Attendance'!U47:U47, "A")+COUNTIF('Detailed Attendance'!AG47:AG47, "A")+COUNTIF('Detailed Attendance'!AO47:AO47, "A")+COUNTIF('Detailed Attendance'!BA47:BA47, "A")+COUNTIF('Detailed Attendance'!BI47:BI47, "A")+COUNTIF('Detailed Attendance'!BU47:BU47, "A")+COUNTIF('Detailed Attendance'!CC47:CC47, "A")+COUNTIF('Detailed Attendance'!CR47:CR47, "A")+COUNTIF('Detailed Attendance'!CZ47:CZ47, "A") | AM46: =IF((AK46+AL46)=0,"", AK46/(AK46+AL46)) | AN46: =Y46+AB46+AE46+AH46+AK46 | AO46: =Z46+AC46+AF46+AI46+AL46 | AP46: =IF((AN46+AO46)=0,"", AN46/(AN46+AO46)) | AQ46: =COUNTIF('Detailed Attendance'!CG47:CG47, "P")+COUNTIF('Detailed Attendance'!CH47:CH47, "P")+COUNTIF('Detailed Attendance'!V47:V47, "P")+COUNTIF('Detailed Attendance'!AP47:AP47, "P")+COUNTIF('Detailed Attendance'!BJ47:BJ47, "P")+COUNTIF('Detailed Attendance'!CD47:CD47, "P")+COUNTIF('Detailed Attendance'!DA47:DA47, "P") | AR46: =COUNTIF('Detailed Attendance'!CG47:CG47, "A")+COUNTIF('Detailed Attendance'!CH47:CH47, "A")+COUNTIF('Detailed Attendance'!V47:V47, "A")+COUNTIF('Detailed Attendance'!AP47:AP47, "A")+COUNTIF('Detailed Attendance'!BJ47:BJ47, "A")+COUNTIF('Detailed Attendance'!CD47:CD47, "A")+COUNTIF('Detailed Attendance'!DA47:DA47, "A") | AS46: =IF((AQ46+AR46)=0,"", AQ46/(AQ46+AR46)) | AT46: =COUNTIF('Detailed Attendance'!DF47:DF47, "P")+COUNTIF('Detailed Attendance'!DT47:DT47, "P")+COUNTIF('Detailed Attendance'!EC47:EC47, "P")+COUNTIF('Detailed Attendance'!EQ47:EQ47, "P")+COUNTIF('Detailed Attendance'!EW47:EW47, "P")+COUNTIF('Detailed Attendance'!FK47:FK47, "P")+COUNTIF('Detailed Attendance'!FM47:FM47, "P")+COUNTIF('Detailed Attendance'!GA47:GA47, "P") | AU46: =COUNTIF('Detailed Attendance'!DF47:DF47, "A")+COUNTIF('Detailed Attendance'!DT47:DT47, "A")+COUNTIF('Detailed Attendance'!EC47:EC47, "A")+COUNTIF('Detailed Attendance'!EQ47:EQ47, "A")+COUNTIF('Detailed Attendance'!EW47:EW47, "A")+COUNTIF('Detailed Attendance'!FK47:FK47, "A")+COUNTIF('Detailed Attendance'!FM47:FM47, "A")+COUNTIF('Detailed Attendance'!GA47:GA47, "A") | AV46: =IF((AT46+AU46)=0,"", AT46/(AT46+AU46)) | AW46: =COUNTIF('Detailed Attendance'!DK47:DK47, "P")+COUNTIF('Detailed Attendance'!DS47:DS47, "P")+COUNTIF('Detailed Attendance'!EH47:EH47, "P")+COUNTIF('Detailed Attendance'!EP47:EP47, "P")+COUNTIF('Detailed Attendance'!FB47:FB47, "P")+COUNTIF('Detailed Attendance'!FJ47:FJ47, "P")+COUNTIF('Detailed Attendance'!FR47:FR47, "P")+COUNTIF('Detailed Attendance'!FZ47:FZ47, "P") | AX46: =COUNTIF('Detailed Attendance'!DK47:DK47, "A")+COUNTIF('Detailed Attendance'!DS47:DS47, "A")+COUNTIF('Detailed Attendance'!EH47:EH47, "A")+COUNTIF('Detailed Attendance'!EP47:EP47, "A")+COUNTIF('Detailed Attendance'!FB47:FB47, "A")+COUNTIF('Detailed Attendance'!FJ47:FJ47, "A")+COUNTIF('Detailed Attendance'!FR47:FR47, "A")+COUNTIF('Detailed Attendance'!FZ47:FZ47, "A") | AY46: =IF((AW46+AX46)=0,"", AW46/(AW46+AX46)) | AZ46: =COUNTIF('Detailed Attendance'!DN47:DN47, "P")+COUNTIF('Detailed Attendance'!DR47:DR47, "P")+COUNTIF('Detailed Attendance'!EK47:EK47, "P")+COUNTIF('Detailed Attendance'!EO47:EO47, "P")+COUNTIF('Detailed Attendance'!FE47:FE47, "P")+COUNTIF('Detailed Attendance'!FI47:FI47, "P")+COUNTIF('Detailed Attendance'!FU47:FU47, "P")+COUNTIF('Detailed Attendance'!FY47:FY47, "P") | BA46: =COUNTIF('Detailed Attendance'!DN47:DN47, "A")+COUNTIF('Detailed Attendance'!DR47:DR47, "A")+COUNTIF('Detailed Attendance'!EK47:EK47, "A")+COUNTIF('Detailed Attendance'!EO47:EO47, "A")+COUNTIF('Detailed Attendance'!FE47:FE47, "A")+COUNTIF('Detailed Attendance'!FI47:FI47, "A")+COUNTIF('Detailed Attendance'!FU47:FU47, "A")+COUNTIF('Detailed Attendance'!FY47:FY47, "A") | BB46: =IF((AZ46+BA46)=0,"", AZ46/(AZ46+BA46)) | BC46: =COUNTIF('Detailed Attendance'!DC47:DC47, "P")+COUNTIF('Detailed Attendance'!DV47:DV47, "P")+COUNTIF('Detailed Attendance'!DZ47:DZ47, "P")+COUNTIF('Detailed Attendance'!ES47:ES47, "P")+COUNTIF('Detailed Attendance'!GC47:GC47, "P")+COUNTIF('Detailed Attendance'!GG47:GG47, "P") | BD46: =COUNTIF('Detailed Attendance'!DC47:DC47, "A")+COUNTIF('Detailed Attendance'!DV47:DV47, "A")+COUNTIF('Detailed Attendance'!DZ47:DZ47, "A")+COUNTIF('Detailed Attendance'!ES47:ES47, "A")+COUNTIF('Detailed Attendance'!GC47:GC47, "A")+COUNTIF('Detailed Attendance'!GG47:GG47, "A") | BE46: =IF((BC46+BD46)=0,"", BC46/(BC46+BD46)) | BF46: =COUNTIF('Detailed Attendance'!DO47:DO47, "P")+COUNTIF('Detailed Attendance'!DW47:DW47, "P")+COUNTIF('Detailed Attendance'!EL47:EL47, "P")+COUNTIF('Detailed Attendance'!ET47:ET47, "P")+COUNTIF('Detailed Attendance'!FF47:FF47, "P")+COUNTIF('Detailed Attendance'!FV47:FV47, "P")+COUNTIF('Detailed Attendance'!GD47:GD47, "P") | BG46: =COUNTIF('Detailed Attendance'!DO47:DO47, "A")+COUNTIF('Detailed Attendance'!DW47:DW47, "A")+COUNTIF('Detailed Attendance'!EL47:EL47, "A")+COUNTIF('Detailed Attendance'!ET47:ET47, "A")+COUNTIF('Detailed Attendance'!FF47:FF47, "A")+COUNTIF('Detailed Attendance'!FV47:FV47, "A")+COUNTIF('Detailed Attendance'!GD47:GD47, "A") | BH46: =IF((BF46+BG46)=0,"", BF46/(BF46+BG46)) | BI46: =AT46+AW46+AZ46+BC46+BF46 | BJ46: =AU46+AX46+BA46+BD46+BG46 | BK46: =IF((BI46+BJ46)=0,"", BI46/(BI46+BJ46)) | BL46: =COUNTIF('Detailed Attendance'!DD47:DD47, "P")+COUNTIF('Detailed Attendance'!EA47:EA47, "P")+COUNTIF('Detailed Attendance'!GH47:GH47, "P")+COUNTIF('Detailed Attendance'!DE47:DE47, "P")+COUNTIF('Detailed Attendance'!EB47:EB47, "P")+COUNTIF('Detailed Attendance'!GI47:GI47, "P")+COUNTIF('Detailed Attendance'!DX47:DX47, "P")+COUNTIF('Detailed Attendance'!EU47:EU47, "P")+COUNTIF('Detailed Attendance'!GE47:GE47, "P") | BM46: =COUNTIF('Detailed Attendance'!DD47:DD47, "A")+COUNTIF('Detailed Attendance'!EA47:EA47, "A")+COUNTIF('Detailed Attendance'!GH47:GH47, "A")+COUNTIF('Detailed Attendance'!DE47:DE47, "A")+COUNTIF('Detailed Attendance'!EB47:EB47, "A")+COUNTIF('Detailed Attendance'!GI47:GI47, "A")+COUNTIF('Detailed Attendance'!DX47:DX47, "A")+COUNTIF('Detailed Attendance'!EU47:EU47, "A")+COUNTIF('Detailed Attendance'!GE47:GE47, "A") | BN46: =IF((BL46+BM46)=0,"", BL46/(BL46+BM46)) | BO46: =D46+Y46+AT46 | BP46: =E46+Z46+AU46 | BQ46: =IF((BO46+BP46)=0,"", BO46/(BO46+BP46)) | BR46: =G46+AB46+AW46 | BS46: =H46+AC46+AX46 | BT46: =IF((BR46+BS46)=0,"", BR46/(BR46+BS46)) | BU46: =J46+AE46+AZ46 | BV46: =K46+AF46+BA46 | BW46: =IF((BU46+BV46)=0,"", BU46/(BU46+BV46)) | BX46: =M46+AH46+BC46 | BY46: =N46+AI46+BD46 | BZ46: =IF((BX46+BY46)=0,"", BX46/(BX46+BY46)) | CA46: =P46+AK46+BF46 | CB46: =Q46+AL46+BG46 | CC46: =IF((CA46+CB46)=0,"", CA46/(CA46+CB46)) | CD46: =S46+AN46+BI46 | CE46: =T46+AO46+BJ46 | CF46: =IF((CD46+CE46)=0,"", CD46/(CD46+CE46)) | CG46: =V46+AQ46+BL46 | CH46: =W46+AR46+BM46 | CI46: =IF((CG46+CH46)=0,"", CG46/(CG46+CH46)) | CJ46: =CD46+(CG46*2) | CK46: =CE46+(CH46*2) | CL46: =IF((CJ46+CK46)=0,"", CJ46/(CJ46+CK46)) | CM46: Batch 2
